p,r,o,d,u,c,t,_,p,a,g,e,_,u,r,l,",",u,n,i,v,e,r,s,a,l,_,p,r,o,d,u,c,t,_,c,o,d,e,",",t,i,t,l,e,",",p,r,i,c,e,_,i,n,c,l,u,d,i,n,g,_,t,a,x,",",p,r,i,c,e,_,e,x,c,l,u,d,i,n,g,_,t,a,x,",",n,u,m,b,e,r,_,a,v,a,i,l,a,b,l,e,",",p,r,o,d,u,c,t,_,d,e,s,c,r,i,p,t,i,o,n,",",c,a,t,e,g,o,r,y,",",r,e,v,i,e,w,_,r,a,t,i,n,g,",",i,m,a,g,e,_,u,r,l,"
"
h,t,t,p,:,/,/,b,o,o,k,s,.,t,o,s,c,r,a,p,e,.,c,o,m,/,c,a,t,a,l,o,g,u,e,/,c,a,t,e,g,o,r,y,/,b,o,o,k,s,/,d,e,f,a,u,l,t,_,1,5,/,i,n,d,e,x,.,h,t,m,l,/,.,.,/,.,.,/,.,.,/,.,.,/,t,h,e,-,c,o,m,i,n,g,-,w,o,m,a,n,-,a,-,n,o,v,e,l,-,b,a,s,e,d,-,o,n,-,t,h,e,-,l,i,f,e,-,o,f,-,t,h,e,-,i,n,f,a,m,o,u,s,-,f,e,m,i,n,i,s,t,-,v,i,c,t,o,r,i,a,-,w,o,o,d,h,u,l,l,_,9,9,3,/,i,n,d,e,x,.,h,t,m,l,",",e,7,2,a,5,d,f,c,7,e,9,2,6,7,b,2,",",T,h,e, ,C,o,m,i,n,g, ,W,o,m,a,n,:, ,A, ,N,o,v,e,l, ,B,a,s,e,d, ,o,n, ,t,h,e, ,L,i,f,e, ,o,f, ,t,h,e, ,I,n,f,a,m,o,u,s, ,F,e,m,i,n,i,s,t,",", ,V,i,c,t,o,r,i,a, ,W,o,o,d,h,u,l,l,",",Â,£,1,7,.,9,3,",",Â,£,1,7,.,9,3,",",I,n, ,s,t,o,c,k, ,(,1,9, ,a,v,a,i,l,a,b,l,e,),",","""",I,f, ,y,o,u, ,h,a,v,e, ,a, ,h,e,a,r,t,",", ,i,f, ,y,o,u, ,h,a,v,e, ,a, ,s,o,u,l,",", ,K,a,r,e,n, ,H,i,c,k,s,', ,T,h,e, ,C,o,m,i,n,g, ,W,o,m,a,n, ,w,i,l,l, ,m,a,k,e, ,y,o,u, ,f,a,l,l, ,i,n, ,l,o,v,e, ,w,i,t,h, ,V,i,c,t,o,r,i,a, ,W,o,o,d,h,u,l,l,.,"""",-,K,i,n,k,y, ,F,r,i,e,d,m,a,n,",", ,a,u,t,h,o,r, ,a,n,d, ,G,o,v,e,r,n,o,r, ,o,f, ,t,h,e, ,H,e,a,r,t, ,o,f, ,T,e,x,a,s, ,"""",W,h,a,t, ,k,i,n,d, ,o,f, ,c,o,n,f,i,d,e,n,c,e, ,w,o,u,l,d, ,i,t, ,t,a,k,e, ,f,o,r, ,a, ,w,o,m,a,n, ,t,o, ,b,u,c,k, ,t,h,e, ,o,l,d, ,b,o,y,',s, ,c,l,u,b, ,o,f, ,p,o,l,i,t,i,c,s, ,i,n, ,1,8,7,2,?, ,M,o,r,e, ,t,h,a,n, ,1,4,0, ,y,e,a,r,s, ,p,r,e,-,H,i,l,l,a,r,y,",", ,t,h,e,r,e, ,w,a,s, ,V,i,c,t,o,r,i,a, ,W,o,o,d,h,u,l,l,., ,T,h,i,s, ,b,o,o,k, ,t,a,k,e,s, ,y,o,u, ,b,a,c,k, ,w,i,t,h, ,a, ,"""",I,f, ,y,o,u, ,h,a,v,e, ,a, ,h,e,a,r,t,",", ,i,f, ,y,o,u, ,h,a,v,e, ,a, ,s,o,u,l,",", ,K,a,r,e,n, ,H,i,c,k,s,', ,T,h,e, ,C,o,m,i,n,g, ,W,o,m,a,n, ,w,i,l,l, ,m,a,k,e, ,y,o,u, ,f,a,l,l, ,i,n, ,l,o,v,e, ,w,i,t,h, ,V,i,c,t,o,r,i,a, ,W,o,o,d,h,u,l,l,.,"""",-,K,i,n,k,y, ,F,r,i,e,d,m,a,n,",", ,a,u,t,h,o,r, ,a,n,d, ,G,o,v,e,r,n,o,r, ,o,f, ,t,h,e, ,H,e,a,r,t, ,o,f, ,T,e,x,a,s, ,"""",W,h,a,t, ,k,i,n,d, ,o,f, ,c,o,n,f,i,d,e,n,c,e, ,w,o,u,l,d, ,i,t, ,t,a,k,e, ,f,o,r, ,a, ,w,o,m,a,n, ,t,o, ,b,u,c,k, ,t,h,e, ,o,l,d, ,b,o,y,',s, ,c,l,u,b, ,o,f, ,p,o,l,i,t,i,c,s, ,i,n, ,1,8,7,2,?, ,M,o,r,e, ,t,h,a,n, ,1,4,0, ,y,e,a,r,s, ,p,r,e,-,H,i,l,l,a,r,y,",", ,t,h,e,r,e, ,w,a,s, ,V,i,c,t,o,r,i,a, ,W,o,o,d,h,u,l,l,., ,T,h,i,s, ,b,o,o,k, ,t,a,k,e,s, ,y,o,u, ,b,a,c,k, ,w,i,t,h, ,a, ,b,r,e,a,t,h,t,a,k,i,n,g,",", ,p,r,e,s,e,n,t,-,t,e,n,s,e, ,b,i,r,d,',s, ,e,y,e, ,v,i,e,w, ,i,n,t,o, ,a, ,t,i,m,e, ,w,h,e,n, ,w,o,m,e,n,',s, ,l,i,b,e,r,a,t,i,o,n, ,w,a,s, ,p,r,i,m,a,r,i,l,y, ,c,o,n,f,i,n,e,d, ,t,o, ,o,n,e, ,w,o,m,a,n,',s, ,v,e,r,y, ,c,a,p,a,b,l,e,",", ,i,n,d,e,p,e,n,d,e,n,t, ,m,i,n,d,., ,I, ,c,o,u,l,d,n,',t, ,p,u,t, ,i,t, ,d,o,w,n,.,"""",-,-,-,R,u,t,h, ,B,u,z,z,i,",", ,G,o,l,d,e,n, ,G,l,o,b,e, ,A,w,a,r,d, ,w,i,n,n,e,r, ,a,n,d, ,T,e,l,e,v,i,s,i,o,n, ,H,a,l,l, ,o,f, ,F,a,m,e, ,i,n,d,u,c,t,e,e,"""",S,a,d,l,y,",", ,t,o,o, ,m,a,n,y, ,A,m,e,r,i,c,a,n,s, ,h,a,v,e, ,n,e,v,e,r, ,h,e,a,r,d, ,o,f, ,V,i,c,t,o,r,i,a, ,W,o,o,d,h,u,l,l,",", ,l,e,t, ,a,l,o,n,e, ,l,e,a,r,n,e,d, ,o,f, ,h,e,r, ,s,t,o,r,y,:, ,h,e,r, ,r,e,v,o,l,u,t,i,o,n,a,r,y, ,c,a,m,p,a,i,g,n, ,f,o,r, ,t,h,e, ,p,r,e,s,i,d,e,n,c,y, ,a,t, ,a, ,t,i,m,e, ,w,h,e,n, ,w,o,m,e,n, ,w,e,r,e,n,',t, ,e,v,e,n, ,a,l,l,o,w,e,d, ,t,o, ,v,o,t,e,",", ,h,e,r, ,s,u,p,p,o,r,t, ,f,o,r, ,w,o,r,k,e,r,',s, ,r,i,g,h,t,s,",", ,o,r, ,h,e,r, ,f,e,m,i,n,i,s,t, ,c,o,m,m,i,t,m,e,n,t, ,t,o, ,e,q,u,a,l,i,t,y,",", ,a, ,c,e,n,t,u,r,y, ,b,e,f,o,r,e, ,t,h,e, ,o,f,f,i,c,i,a,l, ,b,a,t,t,l,e, ,o,v,e,r, ,t,h,e, ,E,q,u,a,l, ,R,i,g,h,t,s, ,A,m,e,n,d,m,e,n,t,., ,B,u,t, ,i,n, ,T,h,e, ,C,o,m,i,n,g, ,W,o,m,a,n,",", ,K,a,r,e,n, ,H,i,c,k,s, ,b,r,i,n,g,s, ,W,o,o,d,h,u,l,l,',s, ,e,f,f,o,r,t,s, ,t,o, ,l,i,f,e,",", ,a,n,d, ,r,e,m,i,n,d,s, ,u,s, ,t,h,a,t, ,s,o,m,e, ,o,f, ,o,u,r, ,n,a,t,i,o,n,',s, ,g,r,e,a,t,e,s,t, ,f,i,g,u,r,e,s, ,a,r,e,n,',t, ,a,l,w,a,y,s, ,f,e,a,t,u,r,e,d, ,i,n, ,t,h,e, ,h,i,s,t,o,r,y, ,b,o,o,k,s,., ,I,t, ,i,s, ,a, ,r,i,v,e,t,i,n,g, ,a,c,c,o,u,n,t, ,o,f, ,a,n, ,a,m,a,z,i,n,g, ,w,o,m,a,n, ,a,n,d, ,h,e,r, ,s,t,r,u,g,g,l,e, ,f,o,r, ,j,u,s,t,i,c,e, ,a,n,d, ,h,u,m,a,n, ,d,i,g,n,i,t,y,",", ,t,o,l,d, ,i,n, ,a,n, ,e,n,g,a,g,i,n,g, ,a,n,d, ,e,m,i,n,e,n,t,l,y, ,r,e,a,d,a,b,l,e, ,s,t,y,l,e,.,"""",-,T,i,m, ,W,i,s,e,",", ,a,u,t,h,o,r,",", ,"""",W,h,i,t,e, ,L,i,k,e, ,M,e,:, ,R,e,f,l,e,c,t,i,o,n,s, ,o,n, ,R,a,c,e, ,f,r,o,m, ,a, ,P,r,i,v,i,l,e,g,e,d, ,S,o,n,"""","""",T,h,e, ,C,o,m,i,n,g, ,W,o,m,a,n,"""", ,i,s, ,a, ,n,o,v,e,l, ,b,a,s,e,d, ,o,n, ,t,h,e, ,l,i,f,e, ,o,f, ,f,e,m,i,n,i,s,t, ,V,i,c,t,o,r,i,a, ,W,o,o,d,h,u,l,l,",", ,t,h,e, ,f,i,r,s,t, ,w,o,m,a,n, ,t,o, ,r,u,n, ,f,o,r, ,U,.,S,., ,P,r,e,s,i,d,e,n,t,",", ,5,0, ,y,e,a,r,s, ,b,e,f,o,r,e, ,w,o,m,e,n, ,c,o,u,l,d, ,e,v,e,n, ,v,o,t,e,!,R,u,n,n,i,n,g, ,f,o,r, ,P,r,e,s,i,d,e,n,t, ,w,a,s,n,',t, ,V,i,c,t,o,r,i,a,',s, ,o,n,l,y, ,f,i,r,s,t, ,a,s, ,a, ,w,o,m,a,n,., ,S,h,e, ,w,a,s, ,a,l,s,o, ,t,h,e, ,f,i,r,s,t, ,t,o, ,o,w,n, ,a, ,s,u,c,c,e,s,s,f,u,l, ,W,a,l,l, ,S,t,r,e,e,t, ,f,i,r,m,",", ,t,h,e, ,f,i,r,s,t, ,t,o, ,p,u,b,l,i,s,h, ,a, ,s,u,c,c,e,s,s,f,u,l, ,n,a,t,i,o,n,a,l, ,n,e,w,s,p,a,p,e,r,",", ,a,n,d, ,t,h,e, ,f,i,r,s,t, ,t,o, ,h,e,a,d, ,t,h,e, ,t,w,o,-,m,i,l,l,i,o,n,-,m,e,m,b,e,r, ,S,p,i,r,i,t,u,a,l,i,s,t, ,A,s,s,o,c,i,a,t,i,o,n,., ,S,h,e, ,w,a,s, ,t,h,e, ,f,i,r,s,t, ,w,o,m,a,n, ,t,o, ,e,n,t,e,r, ,t,h,e, ,S,e,n,a,t,e, ,J,u,d,i,c,i,a,r,y, ,C,o,m,m,i,t,t,e,e, ,c,h,a,m,b,e,r,s, ,t,o, ,p,e,t,i,t,i,o,n, ,f,o,r, ,w,o,m,a,n,',s, ,s,u,f,f,r,a,g,e,",", ,h,e,r, ,a,r,g,u,m,e,n,t, ,c,h,a,n,g,i,n,g, ,t,h,e, ,e,n,t,i,r,e, ,f,o,c,u,s, ,o,f, ,t,h,e, ,s,u,f,f,r,a,g,i,s,t, ,m,o,v,e,m,e,n,t, ,b,y, ,p,o,i,n,t,i,n,g, ,o,u,t, ,t,h,a,t, ,t,h,e, ,1,4,t,h, ,a,n,d, ,1,5,t,h, ,A,m,e,n,d,m,e,n,t,s, ,a,l,r,e,a,d,y, ,g,a,v,e, ,w,o,m,e,n, ,t,h,e, ,v,o,t,e,.,I,n, ,h,e,r, ,c,a,m,p,a,i,g,n, ,f,o,r, ,t,h,e, ,P,r,e,s,i,d,e,n,c,y,",", ,V,i,c,t,o,r,i,a, ,W,o,o,d,h,u,l,l, ,b,o,l,d,l,y, ,a,d,d,r,e,s,s,e,d, ,m,a,n,y, ,o,f, ,t,h,e, ,i,s,s,u,e,s, ,w,e, ,s,t,i,l,l, ,f,a,c,e, ,t,o,d,a,y,:, ,e,q,u,a,l, ,p,a,y, ,f,o,r, ,e,q,u,a,l, ,w,o,r,k,;, ,f,r,e,e,d,o,m, ,i,n, ,l,o,v,e,;, ,c,o,r,p,o,r,a,t,e, ,g,r,e,e,d, ,a,n,d, ,p,o,l,i,t,i,c,a,l, ,c,o,r,r,u,p,t,i,o,n, ,f,u,e,l,e,d, ,b,y, ,p,o,w,e,r,f,u,l, ,l,o,b,b,y,i,s,t,s,;, ,a,n,d, ,t,h,e, ,i,n,c,r,e,a,s,i,n,g, ,d,i,s,p,a,r,i,t,y, ,b,e,t,w,e,e,n, ,t,h,e, ,r,i,c,h, ,a,n,d, ,t,h,e, ,p,o,o,r,",", ,t,o, ,n,a,m,e, ,o,n,l,y, ,a, ,f,e,w,., ,H,e,r, ,o,u,t,s,p,o,k,e,n, ,a,n,d, ,c,o,m,m,o,n,-,s,e,n,s,e, ,i,d,e,a,s, ,m,a,y, ,s,h,e,d, ,a, ,n,e,w, ,p,e,r,s,p,e,c,t,i,v,e, ,o,n, ,t,h,e, ,p,a,r,a,l,l,e,l, ,c,o,n,u,n,d,r,u,m,s, ,o,f, ,t,o,d,a,y,',s, ,w,o,r,l,d,.,T,h,i,s, ,b,o,l,d,",", ,b,e,a,u,t,i,f,u,l,",", ,a,n,d, ,s,e,x,u,a,l,l,y, ,p,r,o,g,r,e,s,s,i,v,e, ,w,o,m,a,n, ,d,a,r,e,d, ,t,o, ,t,a,k,e, ,o,n, ,s,o,c,i,e,t,y, ,a,n,d, ,r,e,l,i,g,i,o,n,., ,T,o, ,m,a,k,e, ,a,n, ,e,x,a,m,p,l,e, ,o,f, ,t,h,e, ,h,y,p,o,c,r,i,s,y, ,i,n, ,w,h,a,t, ,M,a,r,k, ,T,w,a,i,n, ,d,u,b,b,e,d, ,T,h,e, ,G,i,l,d,e,d, ,A,g,e,",", ,s,h,e, ,e,x,p,o,s,e,d, ,t,h,e, ,e,x,t,r,a,m,a,r,i,t,a,l, ,a,f,f,a,i,r,s, ,o,f, ,t,h,e, ,m,o,s,t, ,p,o,p,u,l,a,r, ,r,e,l,i,g,i,o,u,s, ,f,i,g,u,r,e, ,o,f, ,t,h,e, ,d,a,y, ,(,H,e,n,r,y, ,W,a,r,d, ,B,e,e,c,h,e,r,),., ,T,h,i,s, ,l,e,d, ,t,o, ,h,e,r, ,p,e,r,s,e,c,u,t,i,o,n, ,a,n,d, ,i,m,p,r,i,s,o,n,m,e,n,t, ,a,n,d, ,t,h,e, ,l,o,n,g,e,s,t,",", ,m,o,s,t, ,i,n,f,a,m,o,u,s, ,t,r,i,a,l, ,o,f, ,t,h,e, ,1,9,t,h, ,c,e,n,t,u,r,y,., ,B,u,t, ,i,t, ,d,i,d, ,n,o,t, ,s,t,o,p, ,h,e,r, ,f,i,g,h,t, ,f,o,r, ,e,q,u,a,l,i,t,y,.,V,i,c,t,o,r,i,a,',s, ,e,p,i,c, ,s,t,o,r,y,",", ,s,e,t, ,i,n, ,t,h,e, ,l,a,t,e, ,1,8,0,0,s,",", ,c,o,m,e,s, ,t,o, ,l,i,f,e, ,i,n, ,a, ,m,o,d,e,r,n,",", ,f,i,c,t,i,o,n,a,l, ,s,t,y,l,e,",", ,w,h,i,l,e, ,s,t,a,y,i,n,g, ,t,r,u,e, ,t,o, ,t,h,e, ,a,c,t,u,a,l, ,w,o,r,d,s, ,a,n,d, ,v,i,e,w,s, ,o,f, ,t,h,e, ,m,a,n,y, ,w,e,l,l,-,k,n,o,w,n, ,c,h,a,r,a,c,t,e,r,s,., ,.,.,.,m,o,r,e,",",D,e,f,a,u,l,t,",",T,h,r,e,e,",",.,.,/,.,.,/,m,e,d,i,a,/,c,a,c,h,e,/,9,7,/,3,6,/,9,7,3,6,1,3,2,a,4,3,b,8,e,6,e,3,9,8,9,9,3,2,2,1,8,e,f,3,0,9,e,d,.,j,p,g,",","
"
h,t,t,p,:,/,/,b,o,o,k,s,.,t,o,s,c,r,a,p,e,.,c,o,m,/,c,a,t,a,l,o,g,u,e,/,c,a,t,e,g,o,r,y,/,b,o,o,k,s,/,d,e,f,a,u,l,t,_,1,5,/,i,n,d,e,x,.,h,t,m,l,/,.,.,/,.,.,/,.,.,/,.,.,/,t,h,e,-,b,o,y,s,-,i,n,-,t,h,e,-,b,o,a,t,-,n,i,n,e,-,a,m,e,r,i,c,a,n,s,-,a,n,d,-,t,h,e,i,r,-,e,p,i,c,-,q,u,e,s,t,-,f,o,r,-,g,o,l,d,-,a,t,-,t,h,e,-,1,9,3,6,-,b,e,r,l,i,n,-,o,l,y,m,p,i,c,s,_,9,9,2,/,i,n,d,e,x,.,h,t,m,l,",",e,1,0,e,1,e,1,6,5,d,c,8,b,e,4,a,",",T,h,e, ,B,o,y,s, ,i,n, ,t,h,e, ,B,o,a,t,:, ,N,i,n,e, ,A,m,e,r,i,c,a,n,s, ,a,n,d, ,T,h,e,i,r, ,E,p,i,c, ,Q,u,e,s,t, ,f,o,r, ,G,o,l,d, ,a,t, ,t,h,e, ,1,9,3,6, ,B,e,r,l,i,n, ,O,l,y,m,p,i,c,s,",",Â,£,2,2,.,6,0,",",Â,£,2,2,.,6,0,",",I,n, ,s,t,o,c,k, ,(,1,9, ,a,v,a,i,l,a,b,l,e,),",",F,o,r, ,r,e,a,d,e,r,s, ,o,f, ,L,a,u,r,a, ,H,i,l,l,e,n,b,r,a,n,d,',s, ,S,e,a,b,i,s,c,u,i,t, ,a,n,d, ,U,n,b,r,o,k,e,n,",", ,t,h,e, ,d,r,a,m,a,t,i,c, ,s,t,o,r,y, ,o,f, ,t,h,e, ,A,m,e,r,i,c,a,n, ,r,o,w,i,n,g, ,t,e,a,m, ,t,h,a,t, ,s,t,u,n,n,e,d, ,t,h,e, ,w,o,r,l,d, ,a,t, ,H,i,t,l,e,r,',s, ,1,9,3,6, ,B,e,r,l,i,n, ,O,l,y,m,p,i,c,s, ,D,a,n,i,e,l, ,J,a,m,e,s, ,B,r,o,w,n,â,,,s, ,r,o,b,u,s,t, ,b,o,o,k, ,t,e,l,l,s, ,t,h,e, ,s,t,o,r,y, ,o,f, ,t,h,e, ,U,n,i,v,e,r,s,i,t,y, ,o,f, ,W,a,s,h,i,n,g,t,o,n,â,,,s, ,1,9,3,6, ,e,i,g,h,t,-,o,a,r, ,c,r,e,w, ,a,n,d, ,t,h,e,i,r, ,e,p,i,c, ,q,u,e,s,t, ,f,o,r, ,a,n, ,O,l,y,m,p,i,c, ,g,o,l,d, ,m,e,d,a,l,",", ,a, ,t,e,a,m, ,t,h,a,t, ,t,r,a,n,s,f,o,r,m,e,d, ,t,h,e, ,s,p,o,r,t, ,a,n,d, ,g,r,a,b,b,e,d, ,t,h,e, ,a,t,t,e,n,t,i,o,n, ,o, ,F,o,r, ,r,e,a,d,e,r,s, ,o,f, ,L,a,u,r,a, ,H,i,l,l,e,n,b,r,a,n,d,',s, ,S,e,a,b,i,s,c,u,i,t, ,a,n,d, ,U,n,b,r,o,k,e,n,",", ,t,h,e, ,d,r,a,m,a,t,i,c, ,s,t,o,r,y, ,o,f, ,t,h,e, ,A,m,e,r,i,c,a,n, ,r,o,w,i,n,g, ,t,e,a,m, ,t,h,a,t, ,s,t,u,n,n,e,d, ,t,h,e, ,w,o,r,l,d, ,a,t, ,H,i,t,l,e,r,',s, ,1,9,3,6, ,B,e,r,l,i,n, ,O,l,y,m,p,i,c,s, ,D,a,n,i,e,l, ,J,a,m,e,s, ,B,r,o,w,n,â,,,s, ,r,o,b,u,s,t, ,b,o,o,k, ,t,e,l,l,s, ,t,h,e, ,s,t,o,r,y, ,o,f, ,t,h,e, ,U,n,i,v,e,r,s,i,t,y, ,o,f, ,W,a,s,h,i,n,g,t,o,n,â,,,s, ,1,9,3,6, ,e,i,g,h,t,-,o,a,r, ,c,r,e,w, ,a,n,d, ,t,h,e,i,r, ,e,p,i,c, ,q,u,e,s,t, ,f,o,r, ,a,n, ,O,l,y,m,p,i,c, ,g,o,l,d, ,m,e,d,a,l,",", ,a, ,t,e,a,m, ,t,h,a,t, ,t,r,a,n,s,f,o,r,m,e,d, ,t,h,e, ,s,p,o,r,t, ,a,n,d, ,g,r,a,b,b,e,d, ,t,h,e, ,a,t,t,e,n,t,i,o,n, ,o,f, ,m,i,l,l,i,o,n,s, ,o,f, ,A,m,e,r,i,c,a,n,s,., ,T,h,e, ,s,o,n,s, ,o,f, ,l,o,g,g,e,r,s,",", ,s,h,i,p,y,a,r,d, ,w,o,r,k,e,r,s,",", ,a,n,d, ,f,a,r,m,e,r,s,",", ,t,h,e, ,b,o,y,s, ,d,e,f,e,a,t,e,d, ,e,l,i,t,e, ,r,i,v,a,l,s, ,f,i,r,s,t, ,f,r,o,m, ,e,a,s,t,e,r,n, ,a,n,d, ,B,r,i,t,i,s,h, ,u,n,i,v,e,r,s,i,t,i,e,s, ,a,n,d, ,f,i,n,a,l,l,y, ,t,h,e, ,G,e,r,m,a,n, ,c,r,e,w, ,r,o,w,i,n,g, ,f,o,r, ,A,d,o,l,f, ,H,i,t,l,e,r, ,i,n, ,t,h,e, ,O,l,y,m,p,i,c, ,g,a,m,e,s, ,i,n, ,B,e,r,l,i,n,",", ,1,9,3,6,., ,T,h,e, ,e,m,o,t,i,o,n,a,l, ,h,e,a,r,t, ,o,f, ,t,h,e, ,s,t,o,r,y, ,l,i,e,s, ,w,i,t,h, ,o,n,e, ,r,o,w,e,r,",", ,J,o,e, ,R,a,n,t,z,",", ,a, ,t,e,e,n,a,g,e,r, ,w,i,t,h,o,u,t, ,f,a,m,i,l,y, ,o,r, ,p,r,o,s,p,e,c,t,s,",", ,w,h,o, ,r,o,w,s, ,n,o,t, ,f,o,r, ,g,l,o,r,y,",", ,b,u,t, ,t,o, ,r,e,g,a,i,n, ,h,i,s, ,s,h,a,t,t,e,r,e,d, ,s,e,l,f,-,r,e,g,a,r,d, ,a,n,d, ,t,o, ,f,i,n,d, ,a, ,p,l,a,c,e, ,h,e, ,c,a,n, ,c,a,l,l, ,h,o,m,e,., ,T,h,e, ,c,r,e,w, ,i,s, ,a,s,s,e,m,b,l,e,d,Â, , ,b,y, ,a,n, ,e,n,i,g,m,a,t,i,c, ,c,o,a,c,h, ,a,n,d, ,m,e,n,t,o,r,e,d, ,b,y, ,a, ,v,i,s,i,o,n,a,r,y,",", ,e,c,c,e,n,t,r,i,c, ,B,r,i,t,i,s,h, ,b,o,a,t, ,b,u,i,l,d,e,r,",", ,b,u,t, ,i,t, ,i,s, ,t,h,e,i,r, ,t,r,u,s,t, ,i,n, ,e,a,c,h, ,o,t,h,e,r, ,t,h,a,t, ,m,a,k,e,s, ,t,h,e,m, ,a, ,v,i,c,t,o,r,i,o,u,s, ,t,e,a,m,., ,T,h,e,y, ,r,e,m,i,n,d, ,t,h,e, ,c,o,u,n,t,r,y, ,o,f, ,w,h,a,t, ,c,a,n, ,b,e, ,d,o,n,e, ,w,h,e,n, ,e,v,e,r,y,o,n,e, ,q,u,i,t,e, ,l,i,t,e,r,a,l,l,y, ,p,u,l,l,s, ,t,o,g,e,t,h,e,r,â,,,a, ,p,e,r,f,e,c,t, ,m,e,l,d,i,n,g, ,o,f, ,c,o,m,m,i,t,m,e,n,t,",", ,d,e,t,e,r,m,i,n,a,t,i,o,n,",", ,a,n,d, ,o,p,t,i,m,i,s,m,., ,D,r,a,w,i,n,g, ,o,n, ,t,h,e, ,b,o,y,s,â,,, ,o,w,n, ,d,i,a,r,i,e,s, ,a,n,d, ,j,o,u,r,n,a,l,s,",", ,t,h,e,i,r, ,p,h,o,t,o,s, ,a,n,d, ,m,e,m,o,r,i,e,s, ,o,f, ,a, ,o,n,c,e,-,i,n,-,a,-,l,i,f,e,t,i,m,e, ,s,h,a,r,e,d, ,d,r,e,a,m,",", ,T,h,e, ,B,o,y,s, ,i,n, ,t,h,e, ,B,o,a,t, ,i,s, ,a,n, ,i,r,r,e,s,i,s,t,i,b,l,e, ,s,t,o,r,y, ,a,b,o,u,t, ,b,e,a,t,i,n,g, ,t,h,e, ,o,d,d,s, ,a,n,d, ,f,i,n,d,i,n,g, ,h,o,p,e, ,i,n, ,t,h,e, ,m,o,s,t, ,d,e,s,p,e,r,a,t,e, ,o,f, ,t,i,m,e,s,â,,,t,h,e, ,i,m,p,r,o,b,a,b,l,e,",", ,i,n,t,i,m,a,t,e, ,s,t,o,r,y, ,o,f, ,n,i,n,e, ,w,o,r,k,i,n,g,-,c,l,a,s,s, ,b,o,y,s, ,f,r,o,m, ,t,h,e, ,A,m,e,r,i,c,a,n, ,w,e,s,t, ,w,h,o,",", ,i,n, ,t,h,e, ,d,e,p,t,h,s, ,o,f, ,t,h,e, ,G,r,e,a,t, ,D,e,p,r,e,s,s,i,o,n,",", ,s,h,o,w,e,d, ,t,h,e, ,w,o,r,l,d, ,w,h,a,t, ,t,r,u,e, ,g,r,i,t, ,r,e,a,l,l,y, ,m,e,a,n,t,., ,I,t, ,w,i,l,l, ,a,p,p,e,a,l, ,t,o, ,r,e,a,d,e,r,s, ,o,f, ,E,r,i,k, ,L,a,r,s,o,n,",", ,T,i,m,o,t,h,y, ,E,g,a,n,",", ,J,a,m,e,s, ,B,r,a,d,l,e,y,",", ,a,n,d, ,D,a,v,i,d, ,H,a,l,b,e,r,s,t,a,m,',s, ,T,h,e, ,A,m,a,t,e,u,r,s,., ,.,.,.,m,o,r,e,",",D,e,f,a,u,l,t,",",F,o,u,r,",",.,.,/,.,.,/,m,e,d,i,a,/,c,a,c,h,e,/,d,1,/,2,d,/,d,1,2,d,2,6,7,3,9,b,5,3,6,9,a,6,b,5,b,3,0,2,4,e,4,d,0,8,f,9,0,7,.,j,p,g,",","
"
h,t,t,p,:,/,/,b,o,o,k,s,.,t,o,s,c,r,a,p,e,.,c,o,m,/,c,a,t,a,l,o,g,u,e,/,c,a,t,e,g,o,r,y,/,b,o,o,k,s,/,d,e,f,a,u,l,t,_,1,5,/,i,n,d,e,x,.,h,t,m,l,/,.,.,/,.,.,/,.,.,/,.,.,/,s,t,a,r,v,i,n,g,-,h,e,a,r,t,s,-,t,r,i,a,n,g,u,l,a,r,-,t,r,a,d,e,-,t,r,i,l,o,g,y,-,1,_,9,9,0,/,i,n,d,e,x,.,h,t,m,l,",",0,3,1,2,2,6,2,e,c,a,f,a,5,a,4,0,",",S,t,a,r,v,i,n,g, ,H,e,a,r,t,s, ,(,T,r,i,a,n,g,u,l,a,r, ,T,r,a,d,e, ,T,r,i,l,o,g,y,",", ,#,1,),",",Â,£,1,3,.,9,9,",",Â,£,1,3,.,9,9,",",I,n, ,s,t,o,c,k, ,(,1,9, ,a,v,a,i,l,a,b,l,e,),",",S,i,n,c,e, ,h,e,r, ,a,s,s,a,u,l,t,",", ,M,i,s,s, ,A,n,n,e,t,t,e, ,C,h,e,t,w,y,n,d, ,h,a,s, ,b,e,e,n, ,p,l,a,g,u,e,d, ,b,y, ,n,i,g,h,t,m,a,r,e,s, ,a,n,d, ,w,o,r,r,i,e,s, ,a,b,o,u,t, ,a,n, ,a,r,r,a,n,g,e,d, ,m,a,r,r,i,a,g,e,., ,B,u,t, ,s,h,e, ,y,e,a,r,n,s, ,t,o, ,f,i,n,d, ,h,e,r, ,a,n,o,n,y,m,o,u,s, ,r,e,s,c,u,e,r,., ,U,n,f,o,r,t,u,n,a,t,e,l,y,",", ,h,e,r, ,h,e,a,l,t,h, ,a,n,d, ,i,n,t,e,l,l,e,c,t, ,p,r,e,v,e,n,t, ,i,t,., ,B,o,t,h, ,r,e,p,e,l, ,s,u,i,t,o,r,s, ,a,n,d, ,c,a,u,s,e, ,A,n,n,e,t,t,e, ,t,o, ,d,o,u,b,t, ,G,o,d,',s, ,e,x,i,s,t,e,n,c,e,",", ,a,t, ,l,e,a,s,t, ,u,n,t,i,l, ,H,e, ,a,n,s,w,e,r,s, ,h,e,r, ,p,r,a,y,e,r,s, ,i,n, ,a,n, ,u,n,u,s,u,a,l, ,w,a,y, ,.,.,., ,M,r,., ,P,e,t,e,r, ,A,d,s,l,e,y, ,i,s, ,j,o,i,n,i,n,g, ,t,h,e, ,c,l,e,r,g,y,",", ,a,n, ,S,i,n,c,e, ,h,e,r, ,a,s,s,a,u,l,t,",", ,M,i,s,s, ,A,n,n,e,t,t,e, ,C,h,e,t,w,y,n,d, ,h,a,s, ,b,e,e,n, ,p,l,a,g,u,e,d, ,b,y, ,n,i,g,h,t,m,a,r,e,s, ,a,n,d, ,w,o,r,r,i,e,s, ,a,b,o,u,t, ,a,n, ,a,r,r,a,n,g,e,d, ,m,a,r,r,i,a,g,e,., ,B,u,t, ,s,h,e, ,y,e,a,r,n,s, ,t,o, ,f,i,n,d, ,h,e,r, ,a,n,o,n,y,m,o,u,s, ,r,e,s,c,u,e,r,., ,U,n,f,o,r,t,u,n,a,t,e,l,y,",", ,h,e,r, ,h,e,a,l,t,h, ,a,n,d, ,i,n,t,e,l,l,e,c,t, ,p,r,e,v,e,n,t, ,i,t,., ,B,o,t,h, ,r,e,p,e,l, ,s,u,i,t,o,r,s, ,a,n,d, ,c,a,u,s,e, ,A,n,n,e,t,t,e, ,t,o, ,d,o,u,b,t, ,G,o,d,',s, ,e,x,i,s,t,e,n,c,e,",", ,a,t, ,l,e,a,s,t, ,u,n,t,i,l, ,H,e, ,a,n,s,w,e,r,s, ,h,e,r, ,p,r,a,y,e,r,s, ,i,n, ,a,n, ,u,n,u,s,u,a,l, ,w,a,y, ,.,.,., ,M,r,., ,P,e,t,e,r, ,A,d,s,l,e,y, ,i,s, ,j,o,i,n,i,n,g, ,t,h,e, ,c,l,e,r,g,y,",", ,a,n,d, ,h,e, ,d,e,s,i,r,e,s, ,a, ,g,o,d,l,y, ,w,i,f,e, ,b,y, ,h,i,s, ,s,i,d,e,., ,A,f,t,e,r, ,h,i,s, ,f,a,i,l,e,d, ,a,t,t,e,m,p,t, ,t,o, ,o,b,t,a,i,n, ,o,n,e,",", ,h,e, ,e,n,g,a,g,e,s, ,i,n, ,a, ,c,l,a,n,d,e,s,t,i,n,e, ,m,e,e,t,i,n,g, ,w,i,t,h, ,t,h,e, ,b,e,w,i,t,c,h,i,n,g, ,y,o,u,n,g, ,w,o,m,a,n, ,w,h,o, ,k,e,e,p,s, ,c,r,o,s,s,i,n,g, ,h,i,s, ,p,a,t,h,., ,B,u,t, ,s,h,e, ,i,s, ,s,o, ,u,n,s,e,t,t,l,i,n,g,., ,D,e,s,t,i,n,e,d, ,f,o,r, ,d,i,s,a,p,p,o,i,n,t,m,e,n,t,s,",", ,P,e,t,e,r, ,a,n,d, ,A,n,n,e,t,t,e, ,e,n,d,u,r,e, ,d,i,s,g,r,a,c,e,f,u,l, ,s,i,t,u,a,t,i,o,n,s,., ,W,i,l,l, ,P,e,t,e,r,',s, ,f,a,i,t,h, ,s,u,s,t,a,i,n, ,h,i,m, ,t,h,r,o,u,g,h, ,o,v,e,r,w,h,e,l,m,i,n,g, ,s,e,t,b,a,c,k,s,?, ,C,a,n, ,A,n,n,e,t,t,e, ,o,v,e,r,c,o,m,e, ,h,e,r, ,d,o,u,b,t,s,?, ,O,r, ,w,i,l,l, ,t,h,e,i,r, ,s,t,a,r,v,i,n,g, ,h,e,a,r,t,s, ,y,i,e,l,d, ,t,o, ,t,h,e, ,m,a,c,h,i,n,a,t,i,o,n,s, ,o,f, ,a, ,m,a,d, ,m,a,n,?, ,.,.,.,m,o,r,e,",",D,e,f,a,u,l,t,",",T,w,o,",",.,.,/,.,.,/,m,e,d,i,a,/,c,a,c,h,e,/,a,0,/,7,e,/,a,0,7,e,d,8,f,1,c,2,3,f,7,b,4,b,a,f,7,1,0,2,7,2,2,6,8,0,b,d,3,0,.,j,p,g,",","
"
h,t,t,p,:,/,/,b,o,o,k,s,.,t,o,s,c,r,a,p,e,.,c,o,m,/,c,a,t,a,l,o,g,u,e,/,c,a,t,e,g,o,r,y,/,b,o,o,k,s,/,d,e,f,a,u,l,t,_,1,5,/,i,n,d,e,x,.,h,t,m,l,/,.,.,/,.,.,/,.,.,/,.,.,/,a,m,e,r,i,c,a,s,-,c,r,a,d,l,e,-,o,f,-,q,u,a,r,t,e,r,b,a,c,k,s,-,w,e,s,t,e,r,n,-,p,e,n,n,s,y,l,v,a,n,i,a,s,-,f,o,o,t,b,a,l,l,-,f,a,c,t,o,r,y,-,f,r,o,m,-,j,o,h,n,n,y,-,u,n,i,t,a,s,-,t,o,-,j,o,e,-,m,o,n,t,a,n,a,_,9,7,4,/,i,n,d,e,x,.,h,t,m,l,",",c,7,d,1,6,0,c,2,c,0,d,e,5,8,6,f,",",A,m,e,r,i,c,a,',s, ,C,r,a,d,l,e, ,o,f, ,Q,u,a,r,t,e,r,b,a,c,k,s,:, ,W,e,s,t,e,r,n, ,P,e,n,n,s,y,l,v,a,n,i,a,',s, ,F,o,o,t,b,a,l,l, ,F,a,c,t,o,r,y, ,f,r,o,m, ,J,o,h,n,n,y, ,U,n,i,t,a,s, ,t,o, ,J,o,e, ,M,o,n,t,a,n,a,",",Â,£,2,2,.,5,0,",",Â,£,2,2,.,5,0,",",I,n, ,s,t,o,c,k, ,(,1,9, ,a,v,a,i,l,a,b,l,e,),",",A,n,y, ,f,a,n, ,o,f, ,t,h,e, ,B,a,l,t,i,m,o,r,e, ,C,o,l,t,s, ,o,f, ,m,y, ,e,r,a,",", ,a,n,y, ,f,a,n, ,o,f, ,m,y, ,f,r,i,e,n,d, ,a,n,d, ,t,e,a,m,m,a,t,e, ,J,o,h,n,n,y, ,U,n,i,t,a,s,",", ,o,r,",", ,f,o,r, ,t,h,a,t, ,m,a,t,t,e,r,",", ,a,n,y, ,f,a,n, ,o,f, ,f,o,o,t,b,a,l,l, ,i,n, ,g,e,n,e,r,a,l, ,s,h,o,u,l,d, ,e,n,j,o,y, ,W,a,y,n,e, ,S,t,e,w,a,r,t,',s, ,b,o,o,k,., ,I,t, ,c,o,n,t,a,i,n,s, ,g,r,e,a,t, ,s,t,o,r,i,e,s,",", ,s,t,a,t,i,s,t,i,c,s,",", ,a,n,d, ,i,n,f,o,r,m,a,t,i,o,n, ,o,n, ,a,l,l, ,o,f, ,t,h,e, ,m,a,n,y, ,g,r,e,a,t, ,q,u,a,r,t,e,r,b,a,c,k,s, ,w,h,o,c,a,m,e, ,o,u,t, ,o,f, ,W,e,s,t,e,r,n, ,P,e,n,n,s,y,l,v,a,n,i,a, ,a,n,d, ,m,u,c,h, ,m,o,r,e,., ,R,a,y,m,o,n,d, ,B,e,r,r,y, ,N,F,L, ,H,a,l,l, ,o,f, ,F,a,m,e, ,W,i,d,e, ,R,e,c,e,i,v,e,r, ,I,t,â,,,s, ,w,e,l, ,A,n,y, ,f,a,n, ,o,f, ,t,h,e, ,B,a,l,t,i,m,o,r,e, ,C,o,l,t,s, ,o,f, ,m,y, ,e,r,a,",", ,a,n,y, ,f,a,n, ,o,f, ,m,y, ,f,r,i,e,n,d, ,a,n,d, ,t,e,a,m,m,a,t,e, ,J,o,h,n,n,y, ,U,n,i,t,a,s,",", ,o,r,",", ,f,o,r, ,t,h,a,t, ,m,a,t,t,e,r,",", ,a,n,y, ,f,a,n, ,o,f, ,f,o,o,t,b,a,l,l, ,i,n, ,g,e,n,e,r,a,l, ,s,h,o,u,l,d, ,e,n,j,o,y, ,W,a,y,n,e, ,S,t,e,w,a,r,t,',s, ,b,o,o,k,., ,I,t, ,c,o,n,t,a,i,n,s, ,g,r,e,a,t, ,s,t,o,r,i,e,s,",", ,s,t,a,t,i,s,t,i,c,s,",", ,a,n,d, ,i,n,f,o,r,m,a,t,i,o,n, ,o,n, ,a,l,l, ,o,f, ,t,h,e, ,m,a,n,y, ,g,r,e,a,t, ,q,u,a,r,t,e,r,b,a,c,k,s, ,w,h,o,c,a,m,e, ,o,u,t, ,o,f, ,W,e,s,t,e,r,n, ,P,e,n,n,s,y,l,v,a,n,i,a, ,a,n,d, ,m,u,c,h, ,m,o,r,e,., ,R,a,y,m,o,n,d, ,B,e,r,r,y, ,N,F,L, ,H,a,l,l, ,o,f, ,F,a,m,e, ,W,i,d,e, ,R,e,c,e,i,v,e,r, ,I,t,â,,,s, ,w,e,l,l, ,k,n,o,w,n, ,t,h,a,t, ,t,h,e, ,N,F,L, ,h,a,s, ,b,e,e,n, ,d,o,m,i,n,a,t,e,d, ,t,h,r,o,u,g,h, ,t,h,e, ,y,e,a,r,s, ,b,y, ,q,u,a,r,t,e,r,b,a,c,k,s, ,s,o,w,n, ,a,n,d, ,g,r,o,w,n, ,i,n, ,a, ,r,e,l,a,t,i,v,e,l,y, ,s,m,a,l,l, ,a,r,e,a, ,s,u,r,r,o,u,n,d,i,n,g, ,t,h,e, ,c,i,t,y, ,o,f, ,P,i,t,t,s,b,u,r,g,h, ,i,n, ,W,e,s,t,e,r,n, ,P,e,n,n,s,y,l,v,a,n,i,a,., ,I,n, ,A,m,e,r,i,c,a,â,,,s, ,C,r,a,d,l,e, ,o,f, ,Q,u,a,r,t,e,r,b,a,c,k,s,",", ,a,u,t,h,o,r, ,W,a,y,n,e, ,S,t,e,w,a,r,t, ,n,o,t, ,o,n,l,y, ,t,e,l,l,s, ,u,s, ,w,h,o, ,t,h,e,y, ,a,r,e,",", ,h,e, ,d,i,g,s, ,d,e,e,p, ,t,o, ,e,x,p,l,a,i,n, ,t,h,e, ,n,a,t,u,r,e, ,a,n,d, ,n,u,r,t,u,r,e, ,b,e,h,i,n,d, ,t,h,e, ,r,i,c,h, ,h,a,r,v,e,s,t, ,o,f, ,s,i,g,n,a,l, ,c,a,l,l,e,r,s, ,(,M,o,n,t,a,n,a,",", ,U,n,i,t,a,s,",", ,M,a,r,i,n,o,",", ,N,a,m,a,t,h,",", ,K,e,l,l,y,",", ,B,l,a,n,d,a,",", ,e,t,c,.,), ,w,h,o, ,h,a,v,e, ,r,i,s,e,n, ,f,r,o,m, ,t,h,a,t, ,f,e,r,t,i,l,e, ,s,o,i,l, ,t,o, ,c,l,a,i,m, ,L,o,m,b,a,r,d,i, ,T,r,o,p,h,i,e,s, ,a,n,d, ,d,o,m,i,n,a,t,e, ,t,h,e, ,g,a,l,l,e,r,y, ,o,f, ,b,u,s,t,s, ,i,n, ,t,h,e, ,P,r,o, ,F,o,o,t,b,a,l,l, ,H,a,l,l, ,o,f, ,F,a,m,e,., ,S,t,e,w,a,r,t, ,h,a,s, ,w,r,i,t,t,e,n, ,a, ,f,a,s,c,i,n,a,t,i,n,g, ,b,o,o,k, ,t,h,a,t, ,b,e,l,o,n,g,s, ,o,n, ,t,h,e, ,s,h,e,l,v,e,s, ,o,f, ,f,o,o,t,b,a,l,l, ,h,i,s,t,o,r,i,a,n,s, ,a,n,d, ,e,v,e,r,y,d,a,y, ,f,a,n,s, ,a,l,i,k,e,., ,J,e,f,f,r,e,y, ,J,., ,M,i,l,l,e,r, ,A,u,t,h,o,r, ,o,f, ,R,o,c,k,i,n,â,,, ,T,h,e, ,R,o,c,k,p,i,l,e,",", ,B,u,f,f,a,l,o,â,,,s,F,o,r,g,o,t,t,e,n, ,C,h,a,m,p,i,o,n,s,",", ,a,n,d, ,G,a,m,e, ,C,h,a,n,g,e,r,s, ,.,.,.,m,o,r,e,",",D,e,f,a,u,l,t,",",T,h,r,e,e,",",.,.,/,.,.,/,m,e,d,i,a,/,c,a,c,h,e,/,a,3,/,2,a,/,a,3,2,a,b,3,b,8,c,0,2,4,c,6,c,2,b,2,7,4,a,8,6,b,1,8,5,e,7,5,8,5,.,j,p,g,",","
"
h,t,t,p,:,/,/,b,o,o,k,s,.,t,o,s,c,r,a,p,e,.,c,o,m,/,c,a,t,a,l,o,g,u,e,/,c,a,t,e,g,o,r,y,/,b,o,o,k,s,/,d,e,f,a,u,l,t,_,1,5,/,i,n,d,e,x,.,h,t,m,l,/,.,.,/,.,.,/,.,.,/,.,.,/,a,l,a,d,d,i,n,-,a,n,d,-,h,i,s,-,w,o,n,d,e,r,f,u,l,-,l,a,m,p,_,9,7,3,/,i,n,d,e,x,.,h,t,m,l,",",9,0,4,2,0,8,d,6,a,a,6,4,b,6,5,5,",",A,l,a,d,d,i,n, ,a,n,d, ,H,i,s, ,W,o,n,d,e,r,f,u,l, ,L,a,m,p,",",Â,£,5,3,.,1,3,",",Â,£,5,3,.,1,3,",",I,n, ,s,t,o,c,k, ,(,1,9, ,a,v,a,i,l,a,b,l,e,),",",P,l,a,n,n,i,n,g, ,o,n, ,s,e,e,i,n,g, ,A,l,a,d,d,i,n, ,t,h,e, ,D,i,s,n,e,y, ,m,u,s,i,c,a,l,?, ,R,e,a,d, ,t,h,e, ,c,l,a,s,s,i,c, ,s,t,o,r,y, ,o,f, ,"""",A,l,a,d,d,i,n, ,a,n,d, ,h,i,s, ,W,o,n,d,e,r,f,u,l, ,L,a,m,p,"""", ,i,n, ,t,h,i,s, ,s,p,a,r,k,l,i,n,g, ,n,e,w, ,e,d,i,t,i,o,n, ,b,y, ,H,a,r,p,e,n,d,o,r,e,., ,S,y,n,o,p,s,i,s,:, ,A,l,a,d,d,i,n, ,i,s, ,a, ,p,o,o,r, ,b,o,y, ,w,h,o, ,l,i,v,e,s, ,w,i,t,h, ,h,i,s, ,m,o,t,h,e,r, ,i,n, ,t,h,e, ,a,n,c,i,e,n,t, ,k,i,n,g,d,o,m, ,o,f, ,C,a,t,h,a,y,., ,O,n,e, ,d,a,y, ,a, ,s,t,r,a,n,g,e, ,m,a,n, ,a,p,p,e,a,r,s, ,o,f,f,e,r,i,n,g, ,u,n,t,o,l,d, ,r,i,c,h,e,s,!, ,A,l,a,d,d,i,n, ,i,s, ,n,o,t, ,s,o, ,s,u,r,e,",", ,y,e,t, ,h,e,',s, ,s,o,r,e,l,y, ,t,e,m,p,t,e,d,., ,J,o,i,n, ,A,l,a,d,d,i,n, ,o,n, ,h,i,s, ,i,n,c,r,e,d,i,b, ,P,l,a,n,n,i,n,g, ,o,n, ,s,e,e,i,n,g, ,A,l,a,d,d,i,n, ,t,h,e, ,D,i,s,n,e,y, ,m,u,s,i,c,a,l,?, ,R,e,a,d, ,t,h,e, ,c,l,a,s,s,i,c, ,s,t,o,r,y, ,o,f, ,"""",A,l,a,d,d,i,n, ,a,n,d, ,h,i,s, ,W,o,n,d,e,r,f,u,l, ,L,a,m,p,"""", ,i,n, ,t,h,i,s, ,s,p,a,r,k,l,i,n,g, ,n,e,w, ,e,d,i,t,i,o,n, ,b,y, ,H,a,r,p,e,n,d,o,r,e,., ,S,y,n,o,p,s,i,s,:, ,A,l,a,d,d,i,n, ,i,s, ,a, ,p,o,o,r, ,b,o,y, ,w,h,o, ,l,i,v,e,s, ,w,i,t,h, ,h,i,s, ,m,o,t,h,e,r, ,i,n, ,t,h,e, ,a,n,c,i,e,n,t, ,k,i,n,g,d,o,m, ,o,f, ,C,a,t,h,a,y,., ,O,n,e, ,d,a,y, ,a, ,s,t,r,a,n,g,e, ,m,a,n, ,a,p,p,e,a,r,s, ,o,f,f,e,r,i,n,g, ,u,n,t,o,l,d, ,r,i,c,h,e,s,!, ,A,l,a,d,d,i,n, ,i,s, ,n,o,t, ,s,o, ,s,u,r,e,",", ,y,e,t, ,h,e,',s, ,s,o,r,e,l,y, ,t,e,m,p,t,e,d,., ,J,o,i,n, ,A,l,a,d,d,i,n, ,o,n, ,h,i,s, ,i,n,c,r,e,d,i,b,l,e, ,a,d,v,e,n,t,u,r,e,s, ,a,n,d, ,v,i,s,i,t, ,t,h,e, ,c,a,v,e, ,o,f, ,t,r,e,a,s,u,r,e,s,., ,A, ,w,o,r,l,d, ,o,f, ,m,a,g,i,c, ,a,w,a,i,t,s, ,y,o,u,",", ,b,u,t, ,w,a,t,c,h, ,y,o,u,r, ,s,t,e,p, ,-, ,t,h,e,r,e,',s, ,m,i,s,c,h,i,e,f, ,l,u,r,k,i,n,g, ,a,t, ,e,v,e,r,y, ,t,u,r,n,!, ,T,h,e, ,A,r,a,b,i,a,n, ,N,i,g,h,t,s, ,(,a,l,s,o, ,k,n,o,w,n, ,a,s, ,T,h,e, ,O,n,e, ,T,h,o,u,s,a,n,d, ,a,n,d, ,O,n,e, ,N,i,g,h,t,s,), ,i,s, ,a,n, ,a,n,c,i,e,n,t, ,c,o,l,l,e,c,t,i,o,n, ,o,f, ,t,a,l,e,s, ,t,h,a,t, ,h,a,v,e, ,e,x,i,s,t,e,d, ,f,o,r, ,t,h,o,u,s,a,n,d,s, ,o,f, ,y,e,a,r,s,., ,H,a,r,p,e,n,d,o,r,e,',s, ,A,r,a,b,i,a,n, ,N,i,g,h,t,s, ,A,d,v,e,n,t,u,r,e,s, ,a,r,e, ,b,e,a,u,t,i,f,u,l,l,y, ,r,e,t,o,l,d, ,v,e,r,s,i,o,n,s, ,o,f, ,t,h,e,s,e, ,a,n,c,i,e,n,t, ,c,l,a,s,s,i,c,s, ,t,h,a,t, ,a,r,e, ,s,p,e,c,i,a,l,l,y, ,d,e,s,i,g,n,e,d, ,t,o, ,a,p,p,e,a,l, ,t,o, ,c,h,i,l,d,r,e,n, ,a,g,e,d, ,s,e,v,e,n, ,y,e,a,r,s, ,a,n,d, ,a,b,o,v,e,., ,T,h,e,y, ,a,r,e, ,w,r,i,t,t,e,n, ,i,n, ,a, ,w,a,r,m, ,a,n,d, ,a,c,c,e,s,s,i,b,l,e, ,s,t,y,l,e, ,a,n,d, ,i,n,c,l,u,d,e, ,w,o,n,d,e,r,f,u,l, ,i,l,l,u,s,t,r,a,t,i,o,n,s, ,i,n,s,i,d,e,., ,W,i,t,h, ,m,i,s,c,h,i,e,f, ,a,n,d, ,m,a,g,i,c, ,i,n, ,e,q,u,a,l, ,m,e,a,s,u,r,e,",", ,t,h,i,s, ,s,e,r,i,e,s, ,i,s, ,s,u,r,e, ,t,o, ,c,a,p,t,i,v,a,t,e, ,r,e,a,d,e,r,s, ,e,v,e,r,y,w,h,e,r,e,., ,T,h,e, ,A,r,a,b,i,a,n, ,N,i,g,h,t,s, ,A,d,v,e,n,t,u,r,e,s, ,s,e,r,i,e,s, ,i,s, ,b,e,i,n,g, ,r,e,l,e,a,s,e,d, ,t,h,r,o,u,g,h,o,u,t, ,2,0,1,6, ,a,n,d, ,2,0,1,7,., ,S,t,o,r,i,e,s, ,t,o, ,b,e, ,i,n,c,l,u,d,e,d, ,a,r,e,:, ,T,h,e, ,A,d,v,e,n,t,u,r,e,s, ,o,f, ,P,r,i,n,c,e, ,C,a,m,a,r, ,&, ,P,r,i,n,c,e,s,s, ,B,a,d,o,u,r,a, ,A,l,a,d,d,i,n, ,a,n,d, ,h,i,s, ,W,o,n,d,e,r,f,u,l, ,L,a,m,p, ,G,u,l,n,a,r,e, ,o,f, ,t,h,e, ,S,e,a, ,A,l,i, ,B,a,b,a, ,a,n,d, ,t,h,e, ,F,o,r,t,y, ,T,h,i,e,v,e,s, ,T,h,e, ,S,e,v,e,n, ,V,o,y,a,g,e,s, ,o,f, ,S,i,n,b,a,d, ,t,h,e, ,S,a,i,l,o,r, ,T,h,e, ,E,n,c,h,a,n,t,e,d, ,H,o,r,s,e, ,T,h,e, ,T,a,l,k,i,n,g, ,B,i,r,d,",", ,t,h,e, ,S,i,n,g,i,n,g, ,T,r,e,e, ,a,n,d, ,t,h,e, ,G,o,l,d,e,n, ,W,a,t,e,r, ,T,h,e, ,M,e,r,c,h,a,n,t, ,a,n,d, ,t,h,e, ,G,e,n,i,e, ,T,h,e, ,T,a,l,e, ,o,f, ,Z,u,b,a,i,d,a,h, ,a,n,d, ,t,h,e, ,T,h,r,e,e, ,Q,a,l,a,n,d,a,r,s, ,T,h,e, ,A,d,v,e,n,t,u,r,e,s, ,o,f, ,H,a,r,u,n, ,a,l,-,R,a,s,h,i,d,",", ,C,a,l,i,p,h, ,o,f, ,B,a,g,h,d,a,d, ,T,h,e, ,T,h,r,e,e, ,P,r,i,n,c,e,s,",", ,t,h,e, ,P,r,i,n,c,e,s,s, ,a,n,d, ,t,h,e, ,J,i,n,n,i, ,P,a,r,i, ,B,a,n,o,u, ,T,h,e, ,F,i,s,h,e,r,m,a,n, ,a,n,d, ,t,h,e, ,G,e,n,i,e, ,T,h,e, ,K,i,n,g,',s, ,J,e,s,t,e,r, ,(,a,l,s,o, ,k,n,o,w,n, ,a,s, ,T,h,e, ,L,i,t,t,l,e, ,H,u,n,c,h,b,a,c,k,), ,.,.,.,m,o,r,e,",",D,e,f,a,u,l,t,",",T,h,r,e,e,",",.,.,/,.,.,/,m,e,d,i,a,/,c,a,c,h,e,/,a,8,/,3,c,/,a,8,3,c,4,6,0,f,a,b,8,2,f,3,5,a,3,7,c,0,8,4,6,7,2,9,4,8,5,5,4,7,.,j,p,g,",","
"
h,t,t,p,:,/,/,b,o,o,k,s,.,t,o,s,c,r,a,p,e,.,c,o,m,/,c,a,t,a,l,o,g,u,e,/,c,a,t,e,g,o,r,y,/,b,o,o,k,s,/,d,e,f,a,u,l,t,_,1,5,/,i,n,d,e,x,.,h,t,m,l,/,.,.,/,.,.,/,.,.,/,.,.,/,p,e,n,n,y,-,m,a,y,b,e,_,9,6,5,/,i,n,d,e,x,.,h,t,m,l,",",6,6,8,f,e,5,6,b,1,7,c,f,c,d,4,f,",",P,e,n,n,y, ,M,a,y,b,e,",",Â,£,3,3,.,2,9,",",Â,£,3,3,.,2,9,",",I,n, ,s,t,o,c,k, ,(,1,8, ,a,v,a,i,l,a,b,l,e,),",",S,e,n,t, ,t,o, ,y,e,t, ,a,n,o,t,h,e,r, ,f,o,s,t,e,r, ,f,a,m,i,l,y,",", ,P,e,n,n,y, ,d,e,c,i,d,e,s, ,t,h,a,t, ,t,h,e, ,w,a,y, ,t,o, ,c,l,a,i,m, ,a, ,s,e,n,s,e, ,o,f, ,s,e,l,f, ,i,s, ,t,o, ,s,w,i,m, ,L,a,k,e, ,O,n,t,a,r,i,o,., ,A,l,t,h,o,u,g,h, ,t,h,i,s, ,s,e,e,m,s, ,i,m,p,o,s,s,i,b,l,e,",", ,s,h,e, ,f,i,n,d,s, ,t,h,e, ,c,o,u,r,a,g,e, ,t,o, ,a,s,k, ,h,e,r, ,p,h,y,s,i,c,s, ,t,e,a,c,h,e,r, ,t,o, ,b,e, ,h,e,r, ,c,o,a,c,h,",", ,a,n,d, ,w,i,n,s, ,t,h,e, ,s,u,p,p,o,r,t, ,o,f, ,h,e,r, ,n,e,w, ,f,o,s,t,e,r, ,m,o,t,h,e,r,.,",",D,e,f,a,u,l,t,",",T,h,r,e,e,",",.,.,/,.,.,/,m,e,d,i,a,/,c,a,c,h,e,/,b,1,/,4,b,/,b,1,4,b,e,6,4,1,a,b,9,7,a,3,3,0,8,9,1,4,5,5,a,7,6,9,d,5,2,f,d,3,.,j,p,g,",","
"
h,t,t,p,:,/,/,b,o,o,k,s,.,t,o,s,c,r,a,p,e,.,c,o,m,/,c,a,t,a,l,o,g,u,e,/,c,a,t,e,g,o,r,y,/,b,o,o,k,s,/,d,e,f,a,u,l,t,_,1,5,/,i,n,d,e,x,.,h,t,m,l,/,.,.,/,.,.,/,.,.,/,.,.,/,m,a,u,d,e,-,1,8,8,3,-,1,9,9,3,s,h,e,-,g,r,e,w,-,u,p,-,w,i,t,h,-,t,h,e,-,c,o,u,n,t,r,y,_,9,6,4,/,i,n,d,e,x,.,h,t,m,l,",",0,9,4,b,2,6,9,5,6,7,e,1,c,3,0,0,",",M,a,u,d,e, ,(,1,8,8,3,-,1,9,9,3,),:,S,h,e, ,G,r,e,w, ,U,p, ,w,i,t,h, ,t,h,e, ,c,o,u,n,t,r,y,",",Â,£,1,8,.,0,2,",",Â,£,1,8,.,0,2,",",I,n, ,s,t,o,c,k, ,(,1,8, ,a,v,a,i,l,a,b,l,e,),",",T,h,i,s, ,n,e,w, ,e,d,i,t,i,o,n, ,o,f, ,M,a,u,d,e, ,(,1,8,8,3,-,1,9,9,3,), ,h,a,s, ,b,e,e,n, ,u,p,d,a,t,e,d, ,b,y, ,M,a,r,d,o, ,W,i,l,l,i,a,m,s,â,,, ,d,a,u,g,h,t,e,r,s,",", ,a,d,d,i,n,g, ,h,i,s,t,o,r,i,c,a,l, ,d,e,t,a,i,l,s, ,t,h,e,i,r, ,d,a,d, ,w,i,s,h,e,d, ,t,o, ,m,a,k,e,",", ,t,w,i,c,e, ,a,s, ,m,a,n,y, ,p,h,o,t,o,s,",", ,a,n,d, ,n,i,n,e, ,a,p,p,e,n,d,i,c,e,s, ,n,o,t, ,p,r,e,s,e,n,t, ,i,n, ,t,h,e, ,1,9,9,6, ,h,a,r,d,c,o,v,e,r, ,(,w,h,i,c,h, ,w,o,n, ,a,n, ,O,h,i,o,a,n,a, ,L,i,b,r,a,r,y, ,A,w,a,r,d, ,f,o,r, ,i,t,s, ,a,u,t,h,o,r,),., ,D,u,r,i,n,g, ,h,e,r, ,1,1,0,-,y,e,a,r, ,l,i,f,e,t,i,m,e,",", ,M,a,u,d,e, ,w,e,n,t, ,f,r,o,m, ,a, ,4,0,0,-,l,b,., ,w,o,o,d,-,b,u,r,n,i,n,g, ,s,t,o,v,e, ,t,o, ,a, ,m,i,c,r,o,w,a,v,e, ,o,v,e,n,",", ,f,r,o,m, ,a,n, ,o,u,t,d,o, ,T,h,i,s, ,n,e,w, ,e,d,i,t,i,o,n, ,o,f, ,M,a,u,d,e, ,(,1,8,8,3,-,1,9,9,3,), ,h,a,s, ,b,e,e,n, ,u,p,d,a,t,e,d, ,b,y, ,M,a,r,d,o, ,W,i,l,l,i,a,m,s,â,,, ,d,a,u,g,h,t,e,r,s,",", ,a,d,d,i,n,g, ,h,i,s,t,o,r,i,c,a,l, ,d,e,t,a,i,l,s, ,t,h,e,i,r, ,d,a,d, ,w,i,s,h,e,d, ,t,o, ,m,a,k,e,",", ,t,w,i,c,e, ,a,s, ,m,a,n,y, ,p,h,o,t,o,s,",", ,a,n,d, ,n,i,n,e, ,a,p,p,e,n,d,i,c,e,s, ,n,o,t, ,p,r,e,s,e,n,t, ,i,n, ,t,h,e, ,1,9,9,6, ,h,a,r,d,c,o,v,e,r, ,(,w,h,i,c,h, ,w,o,n, ,a,n, ,O,h,i,o,a,n,a, ,L,i,b,r,a,r,y, ,A,w,a,r,d, ,f,o,r, ,i,t,s, ,a,u,t,h,o,r,),., ,D,u,r,i,n,g, ,h,e,r, ,1,1,0,-,y,e,a,r, ,l,i,f,e,t,i,m,e,",", ,M,a,u,d,e, ,w,e,n,t, ,f,r,o,m, ,a, ,4,0,0,-,l,b,., ,w,o,o,d,-,b,u,r,n,i,n,g, ,s,t,o,v,e, ,t,o, ,a, ,m,i,c,r,o,w,a,v,e, ,o,v,e,n,",", ,f,r,o,m, ,a,n, ,o,u,t,d,o,o,r, ,p,r,i,v,y, ,t,o, ,i,n,d,o,o,r, ,p,l,u,m,b,i,n,g,., ,S,h,e, ,g,o,t, ,t,h,e, ,v,o,t,e, ,i,n, ,1,9,2,0, ,a,n,d, ,v,o,t,e,d, ,i,n, ,t,h,e, ,n,e,x,t, ,1,8, ,P,r,e,s,i,d,e,n,t,i,a,l, ,e,l,e,c,t,i,o,n,s,.,W,i,t,h, ,p,o,e,t,r,y, ,a,n,d, ,h,u,m,a,n, ,d,r,a,m,a,s, ,(,t,w,o, ,m,u,r,d,e,r,s, ,a,n,d, ,a, ,s,u,i,c,i,d,e,),",", ,w,r,i,t,t,e,n, ,b,y, ,a, ,m,a,s,t,e,r, ,j,o,u,r,n,a,l,i,s,t,",", ,t,h,e, ,b,o,o,k, ,s,h,o,w,s, ,t,h,e, ,i,m,p,a,c,t, ,o,f, ,t,h,e, ,c,h,a,n,g,i,n,g, ,t,i,m,e,s, ,o,n, ,s,h,y,",", ,u,n,a,s,s,u,m,i,n,g, ,M,a,u,d,e,",", ,h,e,r, ,f,u,n,-,l,o,v,i,n,g, ,h,u,s,b,a,n,d, ,L,e,e,",", ,a,n,d, ,t,h,e,i,r, ,f,o,u,r, ,a,c,t,i,v,e, ,c,h,i,l,d,r,e,n,., ,T,h,e,y, ,f,a,r,m,e,d, ,1,0,0, ,a,c,r,e,s, ,o,n, ,t,h,e, ,b,a,n,k,s, ,o,f, ,R,u,s,h, ,C,r,e,e,k, ,i,n, ,L,o,g,a,n, ,C,o,u,n,t,y, ,(,O,h,i,o,),.,A, ,f,a,v,o,r,i,t,e, ,w,i,t,h, ,b,o,o,k, ,d,i,s,c,u,s,s,i,o,n, ,g,r,o,u,p,s,",", ,M,a,u,d,e, ,h,a,s, ,b,e,e,n, ,a,d,o,p,t,e,d, ,b,y, ,s,e,v,e,r,a,l, ,c,o,l,l,e,g,e,s, ,f,o,r, ,u,s,e, ,a,s, ,a, ,s,u,p,p,l,e,m,e,n,t,a,l, ,A,m,e,r,i,c,a,n, ,h,i,s,t,o,r,y, ,t,e,x,t,., ,.,.,.,m,o,r,e,",",D,e,f,a,u,l,t,",",T,w,o,",",.,.,/,.,.,/,m,e,d,i,a,/,c,a,c,h,e,/,6,5,/,b,f,/,6,5,b,f,a,3,a,c,c,9,3,b,0,e,5,5,8,a,1,c,3,d,e,1,b,1,1,6,4,7,4,2,.,j,p,g,",","
"
h,t,t,p,:,/,/,b,o,o,k,s,.,t,o,s,c,r,a,p,e,.,c,o,m,/,c,a,t,a,l,o,g,u,e,/,c,a,t,e,g,o,r,y,/,b,o,o,k,s,/,d,e,f,a,u,l,t,_,1,5,/,i,n,d,e,x,.,h,t,m,l,/,.,.,/,.,.,/,.,.,/,.,.,/,t,h,e,-,i,n,e,f,f,i,c,i,e,n,c,y,-,a,s,s,a,s,s,i,n,-,t,i,m,e,-,m,a,n,a,g,e,m,e,n,t,-,t,a,c,t,i,c,s,-,f,o,r,-,w,o,r,k,i,n,g,-,s,m,a,r,t,e,r,-,n,o,t,-,l,o,n,g,e,r,_,9,3,5,/,i,n,d,e,x,.,h,t,m,l,",",8,c,9,e,6,b,f,2,4,6,7,d,7,4,0,d,",",T,h,e, ,I,n,e,f,f,i,c,i,e,n,c,y, ,A,s,s,a,s,s,i,n,:, ,T,i,m,e, ,M,a,n,a,g,e,m,e,n,t, ,T,a,c,t,i,c,s, ,f,o,r, ,W,o,r,k,i,n,g, ,S,m,a,r,t,e,r,",", ,N,o,t, ,L,o,n,g,e,r,",",Â,£,2,0,.,5,9,",",Â,£,2,0,.,5,9,",",I,n, ,s,t,o,c,k, ,(,1,6, ,a,v,a,i,l,a,b,l,e,),",",S,l,a,y, ,P,r,o,c,r,a,s,t,i,n,a,t,i,o,n,",", ,D,i,s,t,r,a,c,t,i,o,n,",", ,a,n,d, ,O,v,e,r,w,h,e,l,m,!,W,h,o, ,d,o,e,s,n,â,,,t, ,w,a,n,t, ,m,o,r,e, ,t,i,m,e, ,a,n,d, ,e,n,e,r,g,y, ,f,o,r, ,f,a,m,i,l,y,",", ,f,r,i,e,n,d,s,",", ,a,n,d, ,p,e,r,s,o,n,a,l, ,p,a,s,s,i,o,n,s,?, ,A,u,t,h,o,r, ,H,e,l,e,n,e, ,S,e,g,u,r,a, ,c,o,a,c,h,e,s, ,r,e,a,l, ,p,e,o,p,l,e, ,i,n, ,t,h,e, ,r,e,a,l, ,w,o,r,l,d, ,t,o, ,o,p,e,r,a,t,e, ,m,o,r,e, ,e,f,f,i,c,i,e,n,t,l,y, ,d,u,r,i,n,g, ,t,h,e, ,w,o,r,k,d,a,y,",", ,s,o, ,t,h,e,y, ,c,a,n, ,h,a,v,e, ,a, ,l,i,f,e, ,o,u,t,s,i,d,e, ,i,t,., ,H,e,r, ,e,n,g,a,g,i,n,g, ,t,i,m,e, ,m,a,n,a,g,e,m,e,n,t, ,p,r,o,g,r,a,m, ,c,a,t,e,r,s, ,t,o, ,d,i,v,e,r,s,e, ,l,e,a,r,n,i,n,g, ,s,t,y,l,e,s,",", ,o,f,f,e,r,i,n,g, ,c,a,s,e, ,s,t,u,d,i,e,s, ,t,h,a,t, ,a,l, ,S,l,a,y, ,P,r,o,c,r,a,s,t,i,n,a,t,i,o,n,",", ,D,i,s,t,r,a,c,t,i,o,n,",", ,a,n,d, ,O,v,e,r,w,h,e,l,m,!,W,h,o, ,d,o,e,s,n,â,,,t, ,w,a,n,t, ,m,o,r,e, ,t,i,m,e, ,a,n,d, ,e,n,e,r,g,y, ,f,o,r, ,f,a,m,i,l,y,",", ,f,r,i,e,n,d,s,",", ,a,n,d, ,p,e,r,s,o,n,a,l, ,p,a,s,s,i,o,n,s,?, ,A,u,t,h,o,r, ,H,e,l,e,n,e, ,S,e,g,u,r,a, ,c,o,a,c,h,e,s, ,r,e,a,l, ,p,e,o,p,l,e, ,i,n, ,t,h,e, ,r,e,a,l, ,w,o,r,l,d, ,t,o, ,o,p,e,r,a,t,e, ,m,o,r,e, ,e,f,f,i,c,i,e,n,t,l,y, ,d,u,r,i,n,g, ,t,h,e, ,w,o,r,k,d,a,y,",", ,s,o, ,t,h,e,y, ,c,a,n, ,h,a,v,e, ,a, ,l,i,f,e, ,o,u,t,s,i,d,e, ,i,t,., ,H,e,r, ,e,n,g,a,g,i,n,g, ,t,i,m,e, ,m,a,n,a,g,e,m,e,n,t, ,p,r,o,g,r,a,m, ,c,a,t,e,r,s, ,t,o, ,d,i,v,e,r,s,e, ,l,e,a,r,n,i,n,g, ,s,t,y,l,e,s,",", ,o,f,f,e,r,i,n,g, ,c,a,s,e, ,s,t,u,d,i,e,s, ,t,h,a,t, ,a,l,l,o,w, ,r,e,a,d,e,r,s, ,t,o, ,s,e,l,f,-,d,i,a,g,n,o,s,e, ,a,n,d, ,z,e,r,o, ,i,n, ,o,n, ,t,h,e, ,s,t,r,a,t,e,g,i,e,s, ,m,o,s,t, ,a,p,p,r,o,p,r,i,a,t,e, ,f,o,r, ,t,h,e,m,., ,A,n,y,o,n,e, ,w,a,n,t,i,n,g, ,t,o, ,s,t,r,e,a,m,l,i,n,e, ,w,o,r,k,f,l,o,w, ,a,n,d, ,i,m,p,r,o,v,e, ,p,r,o,d,u,c,t,i,v,i,t,y, ,c,a,n, ,e,m,p,l,o,y, ,h,e,r, ,w,o,n,d,e,r,f,u,l,l,y, ,d,o,a,b,l,e, ,t,e,c,h,n,i,q,u,e,s, ,â,,, ,f,o,r, ,c,l,e,a,r,i,n,g, ,t,a,s,k, ,l,i,s,t,s,",", ,h,a,n,d,l,i,n,g, ,r,e,m,i,n,d,e,r, ,s,y,s,t,e,m,s,",", ,s,c,h,e,d,u,l,i,n,g, ,a, ,v,a,r,i,e,t,y, ,o,f, ,p,r,i,o,r,i,t,i,e,s,",", ,a,n,d, ,e,v,e,n, ,m,a,n,a,g,i,n,g, ,e,m,a,i,l,s, ,a,n,d, ,p,h,o,n,e, ,c,a,l,l,s,., ,T,h,a,n,k,s, ,t,o, ,S,e,g,u,r,a,â,,,s, ,a,s,t,u,t,e, ,a,t,t,e,n,t,i,o,n, ,t,o, ,p,e,r,s,o,n,a,l,i,t,y,",", ,T,h,e, ,I,n,e,f,f,i,c,i,e,n,c,y, ,A,s,s,a,s,s,i,n, ,m,e,e,t,s, ,r,e,a,d,e,r,s, ,w,h,e,r,e, ,t,h,e,y, ,a,r,e, ,s,t,r,u,g,g,l,i,n,g, ,a,n,d, ,d,e,t,a,i,l,s, ,q,u,i,c,k, ,a,n,d, ,e,a,s,y,-,t,o,-,i,m,p,l,e,m,e,n,t, ,s,t,r,a,t,e,g,i,e,s, ,t,o,",", ,a,s, ,S,e,g,u,r,a, ,p,r,o,m,i,s,e,s,",", ,â,,,k,i,c,k, ,c,h,a,o,s, ,t,o, ,t,h,e, ,c,u,r,b,.,â,,, ,.,.,.,m,o,r,e,",",D,e,f,a,u,l,t,",",F,i,v,e,",",.,.,/,.,.,/,m,e,d,i,a,/,c,a,c,h,e,/,a,5,/,b,8,/,a,5,b,8,d,2,d,5,1,6,5,a,0,6,f,c,7,6,2,e,8,e,a,f,8,b,0,4,f,9,8,f,.,j,p,g,",","
"
h,t,t,p,:,/,/,b,o,o,k,s,.,t,o,s,c,r,a,p,e,.,c,o,m,/,c,a,t,a,l,o,g,u,e,/,c,a,t,e,g,o,r,y,/,b,o,o,k,s,/,d,e,f,a,u,l,t,_,1,5,/,i,n,d,e,x,.,h,t,m,l,/,.,.,/,.,.,/,.,.,/,.,.,/,s,o,u,l,-,r,e,a,d,e,r,_,9,2,6,/,i,n,d,e,x,.,h,t,m,l,",",e,6,a,f,5,b,f,1,1,6,3,c,1,1,5,1,",",S,o,u,l, ,R,e,a,d,e,r,",",Â,£,3,9,.,5,8,",",Â,£,3,9,.,5,8,",",I,n, ,s,t,o,c,k, ,(,1,6, ,a,v,a,i,l,a,b,l,e,),",",A,l,o,n,g, ,w,i,t,h, ,m,a,g,i,c, ,r,e,a,l,i,s,m, ,a,n,d, ,a, ,p,l,e,t,h,o,r,a, ,o,f, ,l,i,t,e,r,a,r,y, ,r,e,f,e,r,e,n,c,e,s, ,t,h,r,o,u,g,h,o,u,t, ,i,s,s,u,e,s, ,s,u,c,h, ,a,s, ,f,r,e,e, ,w,i,l,l, ,a,n,d, ,i,d,e,n,t,i,t,y, ,f,l,o,o,d, ,t,h,e, ,p,a,g,e,s,., ,W,h,a,t, ,i,f, ,y,o,u,r, ,d,e,s,t,i,n,y, ,w,a,s, ,d,e,c,i,d,e,d, ,f,o,r, ,y,o,u,?, ,W,h,a,t, ,i,f, ,y,o,u, ,w,e,r,e, ,m,e,a,n,t, ,f,o,r, ,m,o,r,e,?,",",D,e,f,a,u,l,t,",",T,w,o,",",.,.,/,.,.,/,m,e,d,i,a,/,c,a,c,h,e,/,c,c,/,5,e,/,c,c,5,e,8,2,c,2,2,0,5,d,a,7,4,8,c,6,c,1,9,f,b,c,1,8,7,6,5,8,6,b,.,j,p,g,",","
"
h,t,t,p,:,/,/,b,o,o,k,s,.,t,o,s,c,r,a,p,e,.,c,o,m,/,c,a,t,a,l,o,g,u,e,/,c,a,t,e,g,o,r,y,/,b,o,o,k,s,/,d,e,f,a,u,l,t,_,1,5,/,i,n,d,e,x,.,h,t,m,l,/,.,.,/,.,.,/,.,.,/,.,.,/,b,o,s,s,y,p,a,n,t,s,_,8,8,3,/,i,n,d,e,x,.,h,t,m,l,",",7,4,b,a,a,b,f,c,8,f,d,8,4,b,3,8,",",B,o,s,s,y,p,a,n,t,s,",",Â,£,4,9,.,4,6,",",Â,£,4,9,.,4,6,",",I,n, ,s,t,o,c,k, ,(,1,6, ,a,v,a,i,l,a,b,l,e,),",",B,e,f,o,r,e, ,L,i,z, ,L,e,m,o,n,",", ,b,e,f,o,r,e, ,"""",W,e,e,k,e,n,d, ,U,p,d,a,t,e,",","""", ,b,e,f,o,r,e, ,"""",S,a,r,a,h, ,P,a,l,i,n,",","""", ,T,i,n,a, ,F,e,y, ,w,a,s, ,j,u,s,t, ,a, ,y,o,u,n,g, ,g,i,r,l, ,w,i,t,h, ,a, ,d,r,e,a,m,:, ,a, ,r,e,c,u,r,r,i,n,g, ,s,t,r,e,s,s, ,d,r,e,a,m, ,t,h,a,t, ,s,h,e, ,w,a,s, ,b,e,i,n,g, ,c,h,a,s,e,d, ,t,h,r,o,u,g,h, ,a, ,l,o,c,a,l, ,a,i,r,p,o,r,t, ,b,y, ,h,e,r, ,m,i,d,d,l,e,-,s,c,h,o,o,l, ,g,y,m, ,t,e,a,c,h,e,r,., ,S,h,e, ,a,l,s,o, ,h,a,d, ,a, ,d,r,e,a,m, ,t,h,a,t, ,o,n,e, ,d,a,y, ,s,h,e, ,w,o,u,l,d, ,b,e, ,a, ,c,o,m,e,d,i,a,n, ,o,n, ,T,V,.,S,h,e, ,h,a,s, ,s,e,e,n, ,b,o,t,h, ,t,h,e,s,e, ,d,r,e,a,m,s, ,c,o,m,e, ,t,r,u,e,.,A,t, ,l,a,s,t,",", ,T,i,n,a, ,F,e,y,',s, ,s,t,o,r,y, ,c,a,n, ,b,e, ,t,o,l,d,., ,F,r,o,m, ,h,e,r, ,y,o,u, ,B,e,f,o,r,e, ,L,i,z, ,L,e,m,o,n,",", ,b,e,f,o,r,e, ,"""",W,e,e,k,e,n,d, ,U,p,d,a,t,e,",","""", ,b,e,f,o,r,e, ,"""",S,a,r,a,h, ,P,a,l,i,n,",","""", ,T,i,n,a, ,F,e,y, ,w,a,s, ,j,u,s,t, ,a, ,y,o,u,n,g, ,g,i,r,l, ,w,i,t,h, ,a, ,d,r,e,a,m,:, ,a, ,r,e,c,u,r,r,i,n,g, ,s,t,r,e,s,s, ,d,r,e,a,m, ,t,h,a,t, ,s,h,e, ,w,a,s, ,b,e,i,n,g, ,c,h,a,s,e,d, ,t,h,r,o,u,g,h, ,a, ,l,o,c,a,l, ,a,i,r,p,o,r,t, ,b,y, ,h,e,r, ,m,i,d,d,l,e,-,s,c,h,o,o,l, ,g,y,m, ,t,e,a,c,h,e,r,., ,S,h,e, ,a,l,s,o, ,h,a,d, ,a, ,d,r,e,a,m, ,t,h,a,t, ,o,n,e, ,d,a,y, ,s,h,e, ,w,o,u,l,d, ,b,e, ,a, ,c,o,m,e,d,i,a,n, ,o,n, ,T,V,.,S,h,e, ,h,a,s, ,s,e,e,n, ,b,o,t,h, ,t,h,e,s,e, ,d,r,e,a,m,s, ,c,o,m,e, ,t,r,u,e,.,A,t, ,l,a,s,t,",", ,T,i,n,a, ,F,e,y,',s, ,s,t,o,r,y, ,c,a,n, ,b,e, ,t,o,l,d,., ,F,r,o,m, ,h,e,r, ,y,o,u,t,h,f,u,l, ,d,a,y,s, ,a,s, ,a, ,v,i,c,i,o,u,s, ,n,e,r,d, ,t,o, ,h,e,r, ,t,o,u,r, ,o,f, ,d,u,t,y, ,o,n, ,S,a,t,u,r,d,a,y, ,N,i,g,h,t, ,L,i,v,e,;, ,f,r,o,m, ,h,e,r, ,p,a,s,s,i,o,n,a,t,e,l,y, ,h,a,l,f,h,e,a,r,t,e,d, ,p,u,r,s,u,i,t, ,o,f, ,p,h,y,s,i,c,a,l, ,b,e,a,u,t,y, ,t,o, ,h,e,r, ,l,i,f,e, ,a,s, ,a, ,m,o,t,h,e,r, ,e,a,t,i,n,g, ,t,h,i,n,g,s, ,o,f,f, ,t,h,e, ,f,l,o,o,r,;, ,f,r,o,m, ,h,e,r, ,o,n,e,-,s,i,d,e,d, ,c,o,l,l,e,g,e, ,r,o,m,a,n,c,e, ,t,o, ,h,e,r, ,n,e,a,r,l,y, ,f,a,t,a,l, ,h,o,n,e,y,m,o,o,n,â,,,f,r,o,m, ,t,h,e, ,b,e,g,i,n,n,i,n,g, ,o,f, ,t,h,i,s, ,p,a,r,a,g,r,a,p,h, ,t,o, ,t,h,i,s, ,f,i,n,a,l, ,s,e,n,t,e,n,c,e,.,T,i,n,a, ,F,e,y, ,r,e,v,e,a,l,s, ,a,l,l,",", ,a,n,d, ,p,r,o,v,e,s, ,w,h,a,t, ,w,e,',v,e, ,a,l,l, ,s,u,s,p,e,c,t,e,d,:, ,y,o,u,',r,e, ,n,o, ,o,n,e, ,u,n,t,i,l, ,s,o,m,e,o,n,e, ,c,a,l,l,s, ,y,o,u, ,b,o,s,s,y,.,(,I,n,c,l,u,d,e,s, ,S,p,e,c,i,a,l,",", ,N,e,v,e,r,-,B,e,f,o,r,e,-,S,o,l,i,c,i,t,e,d, ,O,p,i,n,i,o,n,s, ,o,n, ,B,r,e,a,s,t,f,e,e,d,i,n,g,",", ,P,r,i,n,c,e,s,s,e,s,",", ,P,h,o,t,o,s,h,o,p,",", ,t,h,e, ,E,l,e,c,t,o,r,a,l, ,P,r,o,c,e,s,s,",", ,a,n,d, ,I,t,a,l,i,a,n, ,R,u,m, ,C,a,k,e,!,),A,n, ,u,n,a,b,r,i,d,g,e,d, ,r,e,c,o,r,d,i,n,g, ,o,n, ,5, ,C,D,s, ,(,5,.,5, ,H,o,u,r,s,),., ,.,.,.,m,o,r,e,",",D,e,f,a,u,l,t,",",T,w,o,",",.,.,/,.,.,/,m,e,d,i,a,/,c,a,c,h,e,/,9,4,/,3,4,/,9,4,3,4,9,0,0,0,7,d,4,2,c,0,b,c,0,6,6,e,f,c,8,9,9,d,a,f,a,4,7,2,.,j,p,g,",","
"
h,t,t,p,:,/,/,b,o,o,k,s,.,t,o,s,c,r,a,p,e,.,c,o,m,/,c,a,t,a,l,o,g,u,e,/,c,a,t,e,g,o,r,y,/,b,o,o,k,s,/,d,e,f,a,u,l,t,_,1,5,/,i,n,d,e,x,.,h,t,m,l,/,.,.,/,.,.,/,.,.,/,.,.,/,a,-,w,o,r,l,d,-,o,f,-,f,l,a,v,o,r,-,y,o,u,r,-,g,l,u,t,e,n,-,f,r,e,e,-,p,a,s,s,p,o,r,t,_,8,7,9,/,i,n,d,e,x,.,h,t,m,l,",",7,0,e,d,5,9,f,1,9,4,b,3,c,5,5,6,",",A, ,W,o,r,l,d, ,o,f, ,F,l,a,v,o,r,:, ,Y,o,u,r, ,G,l,u,t,e,n, ,F,r,e,e, ,P,a,s,s,p,o,r,t,",",Â,£,4,2,.,9,5,",",Â,£,4,2,.,9,5,",",I,n, ,s,t,o,c,k, ,(,1,6, ,a,v,a,i,l,a,b,l,e,),",",T,r,a,d,e, ,R,e,v,i,e,w,:,A, ,W,o,r,l,d, ,o,f, ,F,l,a,v,o,r,",", ,R,e,c,i,p,e,s, ,t,o, ,P,l,e,a,s,e, ,A,l,l, ,o,f, ,Y,o,u,r, ,G,u,e,s,t,s,T,h,e, ,n,e,w, ,g,l,u,t,e,n,-,f,r,e,e, ,c,o,o,k,b,o,o,k, ,"""",A, ,W,o,r,l,d, ,o,f, ,F,l,a,v,o,r,"""", ,i,s, ,c,l,e,a,r,l,y, ,a, ,l,a,b,o,r, ,o,f, ,l,o,v,e, ,f,o,r, ,i,t,s, ,a,u,t,h,o,r,s,",", ,A,m,b,e,r, ,B,a,r,r,e,t,t, ,a,n,d, ,N,a,n,c,y, ,M,i,l,l,e,r,., ,A,m,b,e,r, ,i,s, ,a,l,s,o, ,a, ,g,i,f,t,e,d, ,p,h,o,t,o,g,r,a,p,h,e,r,",", ,a,n,d, ,t,h,e, ,p,h,o,t,o,g,r,a,p,h,s, ,i,n, ,t,h,i,s, ,b,o,o,k, ,c,o,u,l,d, ,b,e, ,t,h,e, ,b,e,s,t, ,o,f, ,a,n,y, ,c,o,o,k,b,o,o,k, ,I,',v,e, ,e,v,e,r, ,s,e,e,n,.,O,n, ,t,o,p, ,o,f, ,t,h,i,s,",", ,t,h,e, ,b,o,o,k, ,i,n,c,l,u,d,e,s, ,s,o,m,e, ,a,m,a,z,i,n,g, ,r,e,c,i,p,e,s, ,t,h,a,t, ,e,v,e, ,T,r,a,d,e, ,R,e,v,i,e,w,:,A, ,W,o,r,l,d, ,o,f, ,F,l,a,v,o,r,",", ,R,e,c,i,p,e,s, ,t,o, ,P,l,e,a,s,e, ,A,l,l, ,o,f, ,Y,o,u,r, ,G,u,e,s,t,s,T,h,e, ,n,e,w, ,g,l,u,t,e,n,-,f,r,e,e, ,c,o,o,k,b,o,o,k, ,"""",A, ,W,o,r,l,d, ,o,f, ,F,l,a,v,o,r,"""", ,i,s, ,c,l,e,a,r,l,y, ,a, ,l,a,b,o,r, ,o,f, ,l,o,v,e, ,f,o,r, ,i,t,s, ,a,u,t,h,o,r,s,",", ,A,m,b,e,r, ,B,a,r,r,e,t,t, ,a,n,d, ,N,a,n,c,y, ,M,i,l,l,e,r,., ,A,m,b,e,r, ,i,s, ,a,l,s,o, ,a, ,g,i,f,t,e,d, ,p,h,o,t,o,g,r,a,p,h,e,r,",", ,a,n,d, ,t,h,e, ,p,h,o,t,o,g,r,a,p,h,s, ,i,n, ,t,h,i,s, ,b,o,o,k, ,c,o,u,l,d, ,b,e, ,t,h,e, ,b,e,s,t, ,o,f, ,a,n,y, ,c,o,o,k,b,o,o,k, ,I,',v,e, ,e,v,e,r, ,s,e,e,n,.,O,n, ,t,o,p, ,o,f, ,t,h,i,s,",", ,t,h,e, ,b,o,o,k, ,i,n,c,l,u,d,e,s, ,s,o,m,e, ,a,m,a,z,i,n,g, ,r,e,c,i,p,e,s, ,t,h,a,t, ,e,v,e,r,y,o,n,e, ,w,i,l,l, ,l,i,k,e,",", ,i,n,c,l,u,d,i,n,g,:, ,H,o,t, ,W,i,n,g,s,",", ,B,a,c,o,n, ,a,n,d, ,C,h,e,d,d,a,r, ,S,c,o,n,e,s,",", ,D,o,n,u,t,s,",", ,S,a,n,d,w,i,c,h, ,B,r,e,a,d,",", ,R,o,c,k,y, ,R,o,a,d, ,B,r,o,w,n,i,e,s,",", ,C,r,e,p,e,s,",", ,G,e,n,e,r,a,l, ,T,s,o,',s, ,C,h,i,c,k,e,n,",", ,C,r,o,u,t,o,n,s,",", ,a,n,d, ,m,a,n,y, ,m,o,r,e, ,(,I, ,c,o,u,n,t,e,d, ,7,7,),.,F,r,o,m, ,b,r,e,a,k,f,a,s,t,s,",", ,a,p,p,e,t,i,z,e,r,s,",", ,d,e,s,s,e,r,t,s,",", ,m,a,i,n, ,d,i,s,h,e,s, ,a,n,d, ,s,n,a,c,k,s,",", ,t,o, ,s,a,l,a,d,s,",", ,v,e,g,e,t,a,b,l,e,s,",", ,a,n,d, ,s,i,d,e, ,d,i,s,h,e,s,",", ,t,h,i,s, ,o,u,t,s,t,a,n,d,i,n,g, ,g,l,u,t,e,n,-,f,r,e,e, ,c,o,o,k,b,o,o,k, ,h,a,s, ,m,u,c,h, ,t,o, ,o,f,f,e,r, ,a,n,y,o,n,e, ,w,h,o, ,i,s, ,o,n, ,a, ,g,l,u,t,e,n,-,f,r,e,e, ,d,i,e,t,.,W,r,i,t,t,e,n, ,b,y, ,c,e,l,i,a,c,.,c,o,m, ,A,p,r,i,l, ,2,0,1,6,.,M,o,n,g,o,l,i,a,n, ,B,e,e,f,",", ,C,u,b,a,n, ,P,o,r,k,",", ,B,a,k,e,d, ,A,l,a,s,k,a,",", ,F,r,e,n,c,h, ,C,r,e,p,e,s,â,,,i,f, ,i,n,t,e,r,n,a,t,i,o,n,a,l, ,c,u,i,s,i,n,e, ,g,e,t,s, ,y,o,u,r, ,t,a,s,t,e, ,b,u,d,s, ,d,a,n,c,i,n,g,",", ,t,h,i,s, ,t,h,e, ,c,o,o,k,b,o,o,k, ,f,o,r, ,y,o,u,!,T,r,a,v,e,l, ,t,h,e, ,w,o,r,l,d, ,g,l,u,t,e,n, ,f,r,e,e, ,w,i,t,h, ,m,o,t,h,e,r, ,a,n,d, ,d,a,u,g,h,t,e,r, ,a,u,t,h,o,r,s, ,N,a,n,c,y, ,M,i,l,l,e,r, ,a,n,d, ,A,m,b,e,r, ,B,a,r,r,e,t,t, ,a,n,d, ,t,h,e,i,r, ,n,e,w, ,c,o,o,k,b,o,o,k,",", ,A, ,W,o,r,l,d, ,o,f, ,F,l,a,v,o,r,:, ,Y,o,u,r, ,G,l,u,t,e,n,-,F,r,e,e, ,P,a,s,s,p,o,r,t,.,T,h,i,s, ,c,o,o,k,b,o,o,k, ,p,r,o,v,i,d,e,s, ,r,e,a,d,e,r,s, ,w,i,t,h, ,a,n, ,i,n,s,p,i,r,e,d, ,c,o,m,b,i,n,a,t,i,o,n, ,o,f, ,d,i,s,h,e,s, ,f,r,o,m, ,a,r,o,u,n,d, ,t,h,e, ,g,l,o,b,e, ,t,h,a,t, ,a,r,e, ,d,e,l,i,c,i,o,u,s,l,y, ,h,i,g,h, ,i,n, ,f,l,a,v,o,r, ,w,i,t,h, ,n,o,n,e, ,o,f, ,t,h,e, ,g,l,u,t,e,n,., ,T,h,e,s,e, ,r,e,c,i,p,e,s, ,d,o, ,n,o,t, ,r,e,l,y, ,o,n, ,p,r,i,c,e,y, ,c,u,p,-,f,o,r,-,c,u,p, ,f,l,o,u,r, ,a,l,t,e,r,n,a,t,i,v,e,s,",", ,b,u,t, ,u,s,e, ,a, ,v,a,r,i,e,t,y, ,o,f, ,f,l,o,u,r,s, ,t,a,i,l,o,r,e,d, ,t,o, ,t,h,e, ,s,u,c,c,e,s,s, ,o,f, ,e,a,c,h, ,i,n,d,i,v,i,d,u,a,l, ,r,e,c,i,p,e, ,s,o, ,y,o,u, ,g,e,t, ,r,e,s,u,l,t,s, ,t,o, ,b,e, ,p,r,o,u,d, ,o,f,., ,.,.,.,m,o,r,e,",",D,e,f,a,u,l,t,",",O,n,e,",",.,.,/,.,.,/,m,e,d,i,a,/,c,a,c,h,e,/,0,a,/,6,a,/,0,a,6,a,5,3,a,8,d,3,7,5,8,4,a,7,9,0,6,d,2,d,5,a,0,0,3,2,f,9,c,1,.,j,p,g,",","
"
h,t,t,p,:,/,/,b,o,o,k,s,.,t,o,s,c,r,a,p,e,.,c,o,m,/,c,a,t,a,l,o,g,u,e,/,c,a,t,e,g,o,r,y,/,b,o,o,k,s,/,d,e,f,a,u,l,t,_,1,5,/,i,n,d,e,x,.,h,t,m,l,/,.,.,/,.,.,/,.,.,/,.,.,/,a,-,p,i,e,c,e,-,o,f,-,s,k,y,-,a,-,g,r,a,i,n,-,o,f,-,r,i,c,e,-,a,-,m,e,m,o,i,r,-,i,n,-,f,o,u,r,-,m,e,d,i,t,a,t,i,o,n,s,_,8,7,8,/,i,n,d,e,x,.,h,t,m,l,",",8,a,3,8,0,6,4,1,4,9,1,d,4,3,e,d,",",A, ,P,i,e,c,e, ,o,f, ,S,k,y,",", ,a, ,G,r,a,i,n, ,o,f, ,R,i,c,e,:, ,A, ,M,e,m,o,i,r, ,i,n, ,F,o,u,r, ,M,e,d,i,t,a,t,i,o,n,s,",",Â,£,5,6,.,7,6,",",Â,£,5,6,.,7,6,",",I,n, ,s,t,o,c,k, ,(,1,6, ,a,v,a,i,l,a,b,l,e,),",",I,n, ,t,h,i,s, ,l,a,y,e,r,e,d, ,c,o,l,l,a,g,e, ,o,f, ,m,e,m,o,r,y, ,w,i,t,h,i,n, ,m,e,m,o,r,y,",", ,H,a,l,e, ,r,e,c,r,e,a,t,e,s, ,f,o,r, ,r,e,a,d,e,r,s, ,h,e,r, ,k,a,l,e,i,d,o,s,c,o,p,i,c, ,e,x,p,e,r,i,e,n,c,e, ,o,f, ,a, ,d,e,c,a,d,e,s,-,l,o,n,g, ,j,o,u,r,n,e,y, ,t,o, ,a,c,c,e,p,t,a,n,c,e, ,a,n,d, ,i,n,s,i,g,h,t,., ,W,r,i,t,e,r,",", ,p,r,o,d,i,g,a,l, ,d,a,u,g,h,t,e,r,",", ,s,i,n,g,l,e, ,p,a,r,e,n,t,",", ,B,u,d,d,h,i,s,t, ,d,i,s,c,i,p,l,e,",", ,a,n,d,",", ,l,a,t,e, ,i,n, ,m,i,d,l,i,f,e,",", ,a, ,n,e,w,l,y,w,e,d,",", ,s,h,e, ,i,s, ,t,r,a,n,s,f,o,r,m,e,d, ,t,h,r,o,u,g,h, ,a,n, ,u,n,c,o,n,v,e,n,t,i,o,n,a,l, ,r,e,l,a,t,i,o,n,s,h,i,p, ,w,i,t,h, ,a, ,f,e,m,a,l,e, ,s,p,i,r,i,t,u,a,l, ,t,e,a,c,h,e,r, ,a,n,d, ,a,n, ,o,d,d, ,r,i,t,u,a,l, ,o,f, ,r,e,p,e,a,t,e,d, ,t,a, ,I,n, ,t,h,i,s, ,l,a,y,e,r,e,d, ,c,o,l,l,a,g,e, ,o,f, ,m,e,m,o,r,y, ,w,i,t,h,i,n, ,m,e,m,o,r,y,",", ,H,a,l,e, ,r,e,c,r,e,a,t,e,s, ,f,o,r, ,r,e,a,d,e,r,s, ,h,e,r, ,k,a,l,e,i,d,o,s,c,o,p,i,c, ,e,x,p,e,r,i,e,n,c,e, ,o,f, ,a, ,d,e,c,a,d,e,s,-,l,o,n,g, ,j,o,u,r,n,e,y, ,t,o, ,a,c,c,e,p,t,a,n,c,e, ,a,n,d, ,i,n,s,i,g,h,t,., ,W,r,i,t,e,r,",", ,p,r,o,d,i,g,a,l, ,d,a,u,g,h,t,e,r,",", ,s,i,n,g,l,e, ,p,a,r,e,n,t,",", ,B,u,d,d,h,i,s,t, ,d,i,s,c,i,p,l,e,",", ,a,n,d,",", ,l,a,t,e, ,i,n, ,m,i,d,l,i,f,e,",", ,a, ,n,e,w,l,y,w,e,d,",", ,s,h,e, ,i,s, ,t,r,a,n,s,f,o,r,m,e,d, ,t,h,r,o,u,g,h, ,a,n, ,u,n,c,o,n,v,e,n,t,i,o,n,a,l, ,r,e,l,a,t,i,o,n,s,h,i,p, ,w,i,t,h, ,a, ,f,e,m,a,l,e, ,s,p,i,r,i,t,u,a,l, ,t,e,a,c,h,e,r, ,a,n,d, ,a,n, ,o,d,d, ,r,i,t,u,a,l, ,o,f, ,r,e,p,e,a,t,e,d, ,t,a,t,t,o,o,i,n,g, ,w,i,t,h, ,h,e,r, ,t,w,o, ,y,o,u,n,g, ,a,d,u,l,t, ,c,h,i,l,d,r,e,n,., ,"""",C,h,r,i,s,t,i,n,e, ,H,a,l,e,',s, ,e,v,o,c,a,t,i,o,n, ,o,f, ,t,h,e, ,b,e,w,i,l,d,e,r,i,n,g, ,c,o,m,p,l,e,x,i,t,i,e,s, ,o,f, ,l,i,f,e, ,a,s, ,a, ,m,o,t,h,e,r,",", ,d,a,u,g,h,t,e,r,",", ,w,i,f,e, ,(,a,n,d, ,e,x,-,w,i,f,e,),",", ,a,n,d, ,s,t,u,d,e,n,t, ,o,f, ,B,u,d,d,h,i,s,m, ,i,s, ,b,o,t,h, ,a, ,p,o,e,m, ,a,n,d, ,a, ,l,e,t,t,e,r, ,t,o, ,t,h,o,s,e, ,s,h,e, ,h,a,s, ,w,o,r,k,e,d, ,s,o, ,l,o,n,g, ,a,n,d, ,h,a,r,d, ,t,o, ,u,n,d,e,r,s,t,a,n,d,., ,O,n, ,a, ,j,o,u,r,n,e,y, ,t,h,a,t, ,t,a,k,e,s, ,h,e,r, ,t,h,r,o,u,g,h, ,e,m,o,t,i,o,n,a,l, ,a,n,d, ,a,c,t,u,a,l, ,h,u,r,r,i,c,a,n,e,s,",", ,l,o,v,e, ,a,n,d, ,c,r,u,e,l,t,y,",", ,u,r,g,e,n,t, ,l,o,s,s,e,s,",", ,a,n,d, ,p,a,i,n,f,u,l, ,g,a,i,n,s,",", ,s,h,e, ,c,l,i,m,b,s, ,t,o, ,s,o,m,e,t,i,m,e,s, ,u,n,n,e,r,v,i,n,g,l,y, ,h,i,g,h, ,a,l,t,i,t,u,d,e,s, ,a,s, ,s,h,e, ,e,x,p,e,r,i,e,n,c,e,s, ,"""",t,h,e, ,j,o,y, ,a,n,d, ,t,h,e, ,s,o,r,r,o,w, ,o,f, ,s,a,m,s,a,r,a,.,"""", ,I,n, ,b,e,a,u,t,i,f,u,l,",", ,c,l,e,a,r, ,l,a,n,g,u,a,g,e,",", ,H,a,l,e, ,e,x,p,l,o,r,e,s, ,t,h,e, ,w,o,u,n,d,s, ,l,i,f,e, ,g,i,v,e,s, ,u,s,",", ,t,h,e, ,w,o,u,n,d,s, ,w,e, ,g,i,v,e, ,o,u,r,s,e,l,v,e,s,",", ,a,n,d, ,t,h,e, ,l,o,n,g, ,p,r,o,c,e,s,s, ,o,f, ,h,e,a,l,i,n,g,.,"""", ,-,S,a,r,a,h, ,S,t,o,n,e,",", ,a,u,t,h,o,r, ,o,f, ,T,h,e, ,T,r,u,e, ,S,o,u,r,c,e,s, ,o,f, ,t,h,e, ,N,i,l,e, ,C,h,r,i,s,t,i,n,e, ,H,a,l,e, ,i,s, ,t,h,e, ,a,u,t,h,o,r, ,o,f, ,a, ,n,o,v,e,l,",", ,B,a,s,i,l,',s, ,D,r,e,a,m, ,(,L,i,v,i,n,g,s,t,o,n, ,P,r,e,s,s, ,2,0,0,9,),;, ,N,a,t,i,o,n,a,l, ,B,o,o,k, ,A,w,a,r,d, ,f,i,n,a,l,i,s,t, ,J,o,a,n, ,S,i,l,b,e,r, ,s,a,y,s,",", ,"""",B,a,s,i,l,',s, ,D,r,e,a,m,.,.,.,s,e,e,m,s, ,t,o, ,p,r,o,v,e, ,f,i,c,t,i,o,n, ,c,a,n, ,g,o, ,w,h,e,r,e, ,o,t,h,e,r, ,f,o,r,m,s, ,c,a,n,',t,.,"""", ,M,s,., ,H,a,l,e,',s, ,c,r,e,a,t,i,v,e, ,n,o,n,f,i,c,t,i,o,n, ,h,a,s, ,a,p,p,e,a,r,e,d, ,i,n, ,A,r,t,s, ,&, ,L,e,t,t,e,r,s,",", ,S,p,r,y,",", ,S,t,i,l,l,",", ,H,i,p,p,o,c,a,m,p,u,s,",", ,a,n,d, ,P,r,i,m,e, ,N,u,m,b,e,r,",", ,a,m,o,n,g, ,o,t,h,e,r, ,j,o,u,r,n,a,l,s,., ,A, ,f,e,l,l,o,w, ,o,f, ,M,a,c,D,o,w,e,l,l,",", ,U,c,r,o,s,s,",", ,H,e,d,g,e,b,r,o,o,k,",", ,a,n,d, ,t,h,e, ,V,i,r,g,i,n,i,a, ,C,e,n,t,e,r, ,f,o,r, ,t,h,e, ,C,r,e,a,t,i,v,e, ,A,r,t,s,",", ,s,h,e, ,e,a,r,n,e,d, ,h,e,r, ,M,F,A, ,f,r,o,m, ,W,a,r,r,e,n, ,W,i,l,s,o,n, ,C,o,l,l,e,g,e,., ,S,h,e, ,t,e,a,c,h,e,s, ,i,n, ,t,h,e, ,A,n,t,i,o,c,h, ,U,n,i,v,e,r,s,i,t,y,-,L,o,s, ,A,n,g,e,l,e,s, ,L,o,w,-,R,e,s,i,d,e,n,c,y, ,M,F,A, ,P,r,o,g,r,a,m, ,a,s, ,w,e,l,l, ,a,s, ,t,h,e, ,G,r,e,a,t, ,S,m,o,k,i,e,s, ,W,r,i,t,i,n,g, ,P,r,o,g,r,a,m, ,i,n, ,A,s,h,e,v,i,l,l,e,",", ,N,o,r,t,h, ,C,a,r,o,l,i,n,a,",", ,w,h,e,r,e, ,s,h,e, ,a,n,d, ,h,e,r, ,h,u,s,b,a,n,d, ,l,i,v,e,., ,.,.,.,m,o,r,e,",",D,e,f,a,u,l,t,",",F,i,v,e,",",.,.,/,.,.,/,m,e,d,i,a,/,c,a,c,h,e,/,0,9,/,6,d,/,0,9,6,d,f,8,3,d,e,3,5,d,4,0,8,2,7,8,f,d,c,9,1,0,8,d,9,3,0,b,5,f,.,j,p,g,",","
"
h,t,t,p,:,/,/,b,o,o,k,s,.,t,o,s,c,r,a,p,e,.,c,o,m,/,c,a,t,a,l,o,g,u,e,/,c,a,t,e,g,o,r,y,/,b,o,o,k,s,/,d,e,f,a,u,l,t,_,1,5,/,i,n,d,e,x,.,h,t,m,l,/,.,.,/,.,.,/,.,.,/,.,.,/,t,r,a,c,i,n,g,-,n,u,m,b,e,r,s,-,o,n,-,a,-,t,r,a,i,n,_,8,6,9,/,i,n,d,e,x,.,h,t,m,l,",",d,7,d,6,d,5,0,c,1,e,3,d,0,b,8,1,",",T,r,a,c,i,n,g, ,N,u,m,b,e,r,s, ,o,n, ,a, ,T,r,a,i,n,",",Â,£,4,1,.,6,0,",",Â,£,4,1,.,6,0,",",I,n, ,s,t,o,c,k, ,(,1,5, ,a,v,a,i,l,a,b,l,e,),",",S,t,a,r,t, ,p,r,e,p,a,r,i,n,g, ,c,h,i,l,d,r,e,n, ,f,o,r, ,c,l,a,s,s,r,o,o,m, ,s,u,c,c,e,s,s, ,w,i,t,h, ,T,r,a,c,i,n,g, ,N,u,m,b,e,r,s, ,o,n, ,a, ,T,r,a,i,n,!, ,T,h,i,s, ,e,d,u,c,a,t,i,o,n,a,l, ,w,o,r,k,b,o,o,k, ,i,s, ,f,i,l,l,e,d, ,w,i,t,h, ,p,a,g,e,s, ,o,f, ,g,i,a,n,t, ,n,u,m,b,e,r,s, ,t,h,a,t, ,m,a,k,e, ,i,t, ,e,a,s,y, ,f,o,r, ,l,i,t,t,l,e, ,h,a,n,d,s, ,t,o, ,l,e,a,r,n, ,p,e,n,c,i,l, ,c,o,n,t,r,o,l,",", ,f,o,l,l,o,w,e,d, ,b,y, ,p,a,g,e,s, ,o,f, ,s,m,a,l,l, ,n,u,m,b,e,r,s, ,f,o,r, ,r,e,p,e,t,i,t,i,o,n, ,a,n,d, ,m,o,t,o,r, ,s,k,i,l,l, ,d,e,v,e,l,o,p,m,e,n,t,., ,T,h,e, ,i,l,l,u,s,t,r,a,t,e,d, ,p,r,a,c,t,i,c,e, ,p,a,g,e,s, ,w,i,l,l, ,k,e,e,p, ,k,i,d,s, ,e,n,g,a,g,e,d, ,w,h,i,l,e, ,l,e,a,r,n,i,n,g, ,t,h,e,i,r, ,n,u,m,b,e,r,s, ,f,r,o,m, ,1, ,t,o, ,S,t,a,r,t, ,p,r,e,p,a,r,i,n,g, ,c,h,i,l,d,r,e,n, ,f,o,r, ,c,l,a,s,s,r,o,o,m, ,s,u,c,c,e,s,s, ,w,i,t,h, ,T,r,a,c,i,n,g, ,N,u,m,b,e,r,s, ,o,n, ,a, ,T,r,a,i,n,!, ,T,h,i,s, ,e,d,u,c,a,t,i,o,n,a,l, ,w,o,r,k,b,o,o,k, ,i,s, ,f,i,l,l,e,d, ,w,i,t,h, ,p,a,g,e,s, ,o,f, ,g,i,a,n,t, ,n,u,m,b,e,r,s, ,t,h,a,t, ,m,a,k,e, ,i,t, ,e,a,s,y, ,f,o,r, ,l,i,t,t,l,e, ,h,a,n,d,s, ,t,o, ,l,e,a,r,n, ,p,e,n,c,i,l, ,c,o,n,t,r,o,l,",", ,f,o,l,l,o,w,e,d, ,b,y, ,p,a,g,e,s, ,o,f, ,s,m,a,l,l, ,n,u,m,b,e,r,s, ,f,o,r, ,r,e,p,e,t,i,t,i,o,n, ,a,n,d, ,m,o,t,o,r, ,s,k,i,l,l, ,d,e,v,e,l,o,p,m,e,n,t,., ,T,h,e, ,i,l,l,u,s,t,r,a,t,e,d, ,p,r,a,c,t,i,c,e, ,p,a,g,e,s, ,w,i,l,l, ,k,e,e,p, ,k,i,d,s, ,e,n,g,a,g,e,d, ,w,h,i,l,e, ,l,e,a,r,n,i,n,g, ,t,h,e,i,r, ,n,u,m,b,e,r,s, ,f,r,o,m, ,1, ,t,o, ,3,0,., ,.,.,.,m,o,r,e,",",D,e,f,a,u,l,t,",",T,h,r,e,e,",",.,.,/,.,.,/,m,e,d,i,a,/,c,a,c,h,e,/,0,a,/,0,5,/,0,a,0,5,1,4,1,5,3,d,a,c,0,9,2,a,a,c,7,6,b,0,9,7,b,4,9,5,f,9,0,8,.,j,p,g,",","
"
h,t,t,p,:,/,/,b,o,o,k,s,.,t,o,s,c,r,a,p,e,.,c,o,m,/,c,a,t,a,l,o,g,u,e,/,c,a,t,e,g,o,r,y,/,b,o,o,k,s,/,d,e,f,a,u,l,t,_,1,5,/,i,n,d,e,x,.,h,t,m,l,/,.,.,/,.,.,/,.,.,/,.,.,/,t,h,i,r,t,e,e,n,-,r,e,a,s,o,n,s,-,w,h,y,_,8,6,6,/,i,n,d,e,x,.,h,t,m,l,",",b,c,2,a,8,5,f,d,3,5,f,d,c,7,b,d,",",T,h,i,r,t,e,e,n, ,R,e,a,s,o,n,s, ,W,h,y,",",Â,£,5,2,.,7,2,",",Â,£,5,2,.,7,2,",",I,n, ,s,t,o,c,k, ,(,1,5, ,a,v,a,i,l,a,b,l,e,),",",C,l,a,y, ,J,e,n,s,e,n, ,r,e,t,u,r,n,s, ,h,o,m,e, ,f,r,o,m, ,s,c,h,o,o,l, ,t,o, ,f,i,n,d, ,a, ,m,y,s,t,e,r,i,o,u,s, ,b,o,x, ,w,i,t,h, ,h,i,s, ,n,a,m,e, ,o,n, ,i,t, ,l,y,i,n,g, ,o,n, ,h,i,s, ,p,o,r,c,h,., ,I,n,s,i,d,e, ,h,e, ,d,i,s,c,o,v,e,r,s, ,t,h,i,r,t,e,e,n, ,c,a,s,s,e,t,t,e, ,t,a,p,e,s, ,r,e,c,o,r,d,e,d, ,b,y, ,H,a,n,n,a,h, ,B,a,k,e,r,",", ,h,i,s, ,c,l,a,s,s,m,a,t,e, ,a,n,d, ,c,r,u,s,h, ,w,h,o, ,c,o,m,m,i,t,t,e,d, ,s,u,i,c,i,d,e, ,t,w,o, ,w,e,e,k,s, ,e,a,r,l,i,e,r,., ,O,n, ,t,a,p,e,",", ,H,a,n,n,a,h, ,e,x,p,l,a,i,n,s, ,t,h,a,t, ,t,h,e,r,e, ,a,r,e, ,t,h,i,r,t,e,e,n, ,r,e,a,s,o,n,s, ,w,h,y, ,s,h,e, ,d,e,c,i,d,e,d, ,t,o, ,e,n,d, ,h,e,r, ,l,i,f,e,., ,C,l,a,y, ,i,s, ,o,n,e, ,o,f, ,t,h,e,m,., ,I,f, ,h,e, ,l,i,s,t,e,n,s,",", ,h,e,',l,l, ,f,i,n,d, ,o, ,C,l,a,y, ,J,e,n,s,e,n, ,r,e,t,u,r,n,s, ,h,o,m,e, ,f,r,o,m, ,s,c,h,o,o,l, ,t,o, ,f,i,n,d, ,a, ,m,y,s,t,e,r,i,o,u,s, ,b,o,x, ,w,i,t,h, ,h,i,s, ,n,a,m,e, ,o,n, ,i,t, ,l,y,i,n,g, ,o,n, ,h,i,s, ,p,o,r,c,h,., ,I,n,s,i,d,e, ,h,e, ,d,i,s,c,o,v,e,r,s, ,t,h,i,r,t,e,e,n, ,c,a,s,s,e,t,t,e, ,t,a,p,e,s, ,r,e,c,o,r,d,e,d, ,b,y, ,H,a,n,n,a,h, ,B,a,k,e,r,",", ,h,i,s, ,c,l,a,s,s,m,a,t,e, ,a,n,d, ,c,r,u,s,h, ,w,h,o, ,c,o,m,m,i,t,t,e,d, ,s,u,i,c,i,d,e, ,t,w,o, ,w,e,e,k,s, ,e,a,r,l,i,e,r,., ,O,n, ,t,a,p,e,",", ,H,a,n,n,a,h, ,e,x,p,l,a,i,n,s, ,t,h,a,t, ,t,h,e,r,e, ,a,r,e, ,t,h,i,r,t,e,e,n, ,r,e,a,s,o,n,s, ,w,h,y, ,s,h,e, ,d,e,c,i,d,e,d, ,t,o, ,e,n,d, ,h,e,r, ,l,i,f,e,., ,C,l,a,y, ,i,s, ,o,n,e, ,o,f, ,t,h,e,m,., ,I,f, ,h,e, ,l,i,s,t,e,n,s,",", ,h,e,',l,l, ,f,i,n,d, ,o,u,t, ,h,o,w, ,h,e, ,m,a,d,e, ,t,h,e, ,l,i,s,t,., ,T,h,r,o,u,g,h, ,H,a,n,n,a,h, ,a,n,d, ,C,l,a,y,',s, ,d,u,a,l, ,n,a,r,r,a,t,i,v,e,s,",", ,d,e,b,u,t, ,a,u,t,h,o,r, ,J,a,y, ,A,s,h,e,r, ,w,e,a,v,e,s, ,a,n, ,i,n,t,r,i,c,a,t,e, ,a,n,d, ,h,e,a,r,t,r,e,n,d,i,n,g, ,s,t,o,r,y, ,o,f, ,c,o,n,f,u,s,i,o,n, ,a,n,d, ,d,e,s,p,e,r,a,t,i,o,n, ,t,h,a,t, ,w,i,l,l, ,d,e,e,p,l,y, ,a,f,f,e,c,t, ,t,e,e,n, ,r,e,a,d,e,r,s,., ,.,.,.,m,o,r,e,",",D,e,f,a,u,l,t,",",O,n,e,",",.,.,/,.,.,/,m,e,d,i,a,/,c,a,c,h,e,/,6,d,/,7,b,/,6,d,7,b,6,9,b,4,e,d,c,d,f,5,b,6,b,0,7,5,d,6,f,a,5,3,b,f,7,4,b,c,.,j,p,g,",","
"
h,t,t,p,:,/,/,b,o,o,k,s,.,t,o,s,c,r,a,p,e,.,c,o,m,/,c,a,t,a,l,o,g,u,e,/,c,a,t,e,g,o,r,y,/,b,o,o,k,s,/,d,e,f,a,u,l,t,_,1,5,/,i,n,d,e,x,.,h,t,m,l,/,.,.,/,.,.,/,.,.,/,.,.,/,t,h,e,-,s,e,c,r,e,t,-,t,h,e,-,s,e,c,r,e,t,-,1,_,8,5,9,/,i,n,d,e,x,.,h,t,m,l,",",9,6,1,f,1,8,d,b,4,f,1,3,8,2,1,1,",",T,h,e, ,S,e,c,r,e,t, ,(,T,h,e, ,S,e,c,r,e,t, ,#,1,),",",Â,£,2,7,.,3,7,",",Â,£,2,7,.,3,7,",",I,n, ,s,t,o,c,k, ,(,1,5, ,a,v,a,i,l,a,b,l,e,),",",F,r,a,g,m,e,n,t,s, ,o,f, ,a, ,G,r,e,a,t, ,S,e,c,r,e,t, ,h,a,v,e, ,b,e,e,n, ,f,o,u,n,d, ,i,n, ,t,h,e, ,o,r,a,l, ,t,r,a,d,i,t,i,o,n,s,",", ,i,n, ,l,i,t,e,r,a,t,u,r,e,",", ,i,n, ,r,e,l,i,g,i,o,n,s, ,a,n,d, ,p,h,i,l,o,s,o,p,h,i,e,s, ,t,h,r,o,u,g,h,o,u,t, ,t,h,e, ,c,e,n,t,u,r,i,e,s,., ,F,o,r, ,t,h,e, ,f,i,r,s,t, ,t,i,m,e,",", ,a,l,l, ,t,h,e, ,p,i,e,c,e,s, ,o,f, ,T,h,e, ,S,e,c,r,e,t, ,c,o,m,e, ,t,o,g,e,t,h,e,r, ,i,n, ,a,n, ,i,n,c,r,e,d,i,b,l,e, ,r,e,v,e,l,a,t,i,o,n, ,t,h,a,t, ,w,i,l,l, ,b,e, ,l,i,f,e,-,t,r,a,n,s,f,o,r,m,i,n,g, ,f,o,r, ,a,l,l, ,w,h,o, ,e,x,p,e,r,i,e,n,c,e, ,i,t,., ,I,n, ,t,h,i,s, ,b,o,o,k,",", ,y,o,u,',l,l, ,l,e,a,r,n, ,h,o,w, ,t,o, ,u,s,e, ,T,h,e, ,S,e,c,r,e,t, ,i,n, ,e,v,e,r,y, ,a,s,p,e,c,t, ,o,f, ,y,o,u,r, ,l,i,f,e, ,-,-, ,m,o,n,e,y, ,F,r,a,g,m,e,n,t,s, ,o,f, ,a, ,G,r,e,a,t, ,S,e,c,r,e,t, ,h,a,v,e, ,b,e,e,n, ,f,o,u,n,d, ,i,n, ,t,h,e, ,o,r,a,l, ,t,r,a,d,i,t,i,o,n,s,",", ,i,n, ,l,i,t,e,r,a,t,u,r,e,",", ,i,n, ,r,e,l,i,g,i,o,n,s, ,a,n,d, ,p,h,i,l,o,s,o,p,h,i,e,s, ,t,h,r,o,u,g,h,o,u,t, ,t,h,e, ,c,e,n,t,u,r,i,e,s,., ,F,o,r, ,t,h,e, ,f,i,r,s,t, ,t,i,m,e,",", ,a,l,l, ,t,h,e, ,p,i,e,c,e,s, ,o,f, ,T,h,e, ,S,e,c,r,e,t, ,c,o,m,e, ,t,o,g,e,t,h,e,r, ,i,n, ,a,n, ,i,n,c,r,e,d,i,b,l,e, ,r,e,v,e,l,a,t,i,o,n, ,t,h,a,t, ,w,i,l,l, ,b,e, ,l,i,f,e,-,t,r,a,n,s,f,o,r,m,i,n,g, ,f,o,r, ,a,l,l, ,w,h,o, ,e,x,p,e,r,i,e,n,c,e, ,i,t,., ,I,n, ,t,h,i,s, ,b,o,o,k,",", ,y,o,u,',l,l, ,l,e,a,r,n, ,h,o,w, ,t,o, ,u,s,e, ,T,h,e, ,S,e,c,r,e,t, ,i,n, ,e,v,e,r,y, ,a,s,p,e,c,t, ,o,f, ,y,o,u,r, ,l,i,f,e, ,-,-, ,m,o,n,e,y,",", ,h,e,a,l,t,h,",", ,r,e,l,a,t,i,o,n,s,h,i,p,s,",", ,h,a,p,p,i,n,e,s,s,",", ,a,n,d, ,i,n, ,e,v,e,r,y, ,i,n,t,e,r,a,c,t,i,o,n, ,y,o,u, ,h,a,v,e, ,i,n, ,t,h,e, ,w,o,r,l,d,., ,Y,o,u,',l,l, ,b,e,g,i,n, ,t,o, ,u,n,d,e,r,s,t,a,n,d, ,t,h,e, ,h,i,d,d,e,n,",", ,u,n,t,a,p,p,e,d, ,p,o,w,e,r, ,t,h,a,t,',s, ,w,i,t,h,i,n, ,y,o,u,",", ,a,n,d, ,t,h,i,s, ,r,e,v,e,l,a,t,i,o,n, ,c,a,n, ,b,r,i,n,g, ,j,o,y, ,t,o, ,e,v,e,r,y, ,a,s,p,e,c,t, ,o,f, ,y,o,u,r, ,l,i,f,e,., ,T,h,e, ,S,e,c,r,e,t, ,c,o,n,t,a,i,n,s, ,w,i,s,d,o,m, ,f,r,o,m, ,m,o,d,e,r,n,-,d,a,y, ,t,e,a,c,h,e,r,s, ,-,-, ,m,e,n, ,a,n,d, ,w,o,m,e,n, ,w,h,o, ,h,a,v,e, ,u,s,e,d, ,i,t, ,t,o, ,a,c,h,i,e,v,e, ,h,e,a,l,t,h,",", ,w,e,a,l,t,h,",", ,a,n,d, ,h,a,p,p,i,n,e,s,s,., ,B,y, ,a,p,p,l,y,i,n,g, ,t,h,e, ,k,n,o,w,l,e,d,g,e, ,o,f, ,T,h,e, ,S,e,c,r,e,t,",", ,t,h,e,y, ,b,r,i,n,g, ,t,o, ,l,i,g,h,t, ,c,o,m,p,e,l,l,i,n,g, ,s,t,o,r,i,e,s, ,o,f, ,e,r,a,d,i,c,a,t,i,n,g, ,d,i,s,e,a,s,e,",", ,a,c,q,u,i,r,i,n,g, ,m,a,s,s,i,v,e, ,w,e,a,l,t,h,",", ,o,v,e,r,c,o,m,i,n,g, ,o,b,s,t,a,c,l,e,s,",", ,a,n,d, ,a,c,h,i,e,v,i,n,g, ,w,h,a,t, ,m,a,n,y, ,w,o,u,l,d, ,r,e,g,a,r,d, ,a,s, ,i,m,p,o,s,s,i,b,l,e,., ,.,.,.,m,o,r,e,",",D,e,f,a,u,l,t,",",F,o,u,r,",",.,.,/,.,.,/,m,e,d,i,a,/,c,a,c,h,e,/,d,3,/,7,0,/,d,3,7,0,3,8,f,8,1,b,8,a,d,0,3,4,2,3,4,6,9,5,1,2,7,1,c,3,1,e,5,8,.,j,p,g,",","
"
h,t,t,p,:,/,/,b,o,o,k,s,.,t,o,s,c,r,a,p,e,.,c,o,m,/,c,a,t,a,l,o,g,u,e,/,c,a,t,e,g,o,r,y,/,b,o,o,k,s,/,d,e,f,a,u,l,t,_,1,5,/,i,n,d,e,x,.,h,t,m,l,/,.,.,/,.,.,/,.,.,/,.,.,/,t,h,e,-,p,s,y,c,h,o,p,a,t,h,-,t,e,s,t,-,a,-,j,o,u,r,n,e,y,-,t,h,r,o,u,g,h,-,t,h,e,-,m,a,d,n,e,s,s,-,i,n,d,u,s,t,r,y,_,8,5,7,/,i,n,d,e,x,.,h,t,m,l,",",e,9,8,a,4,e,f,a,8,5,0,7,0,c,2,f,",",T,h,e, ,P,s,y,c,h,o,p,a,t,h, ,T,e,s,t,:, ,A, ,J,o,u,r,n,e,y, ,T,h,r,o,u,g,h, ,t,h,e, ,M,a,d,n,e,s,s, ,I,n,d,u,s,t,r,y,",",Â,£,3,6,.,0,0,",",Â,£,3,6,.,0,0,",",I,n, ,s,t,o,c,k, ,(,1,5, ,a,v,a,i,l,a,b,l,e,),",",T,h,e,y, ,s,a,y, ,o,n,e, ,o,u,t, ,o,f, ,e,v,e,r,y, ,h,u,n,d,r,e,d, ,p,e,o,p,l,e, ,i,s, ,a, ,p,s,y,c,h,o,p,a,t,h,., ,Y,o,u, ,p,r,o,b,a,b,l,y, ,p,a,s,s,e,d, ,o,n,e, ,o,n, ,t,h,e, ,s,t,r,e,e,t, ,t,o,d,a,y,., ,T,h,e,s,e, ,a,r,e, ,p,e,o,p,l,e, ,w,h,o, ,h,a,v,e, ,n,o, ,e,m,p,a,t,h,y,",", ,w,h,o, ,a,r,e, ,m,a,n,i,p,u,l,a,t,i,v,e,",", ,d,e,c,e,i,t,f,u,l,",", ,c,h,a,r,m,i,n,g,",", ,s,e,d,u,c,t,i,v,e,",", ,a,n,d, ,d,e,l,u,s,i,o,n,a,l,., ,T,h,e, ,P,s,y,c,h,o,p,a,t,h, ,T,e,s,t, ,i,s, ,t,h,e, ,N,e,w, ,Y,o,r,k, ,T,i,m,e,s, ,b,e,s,t,s,e,l,l,i,n,g, ,e,x,p,l,o,r,a,t,i,o,n, ,o,f, ,t,h,e,i,r, ,w,o,r,l,d, ,a,n,d, ,t,h,e, ,m,a,d,n,e,s,s, ,i,n,d,u,s,t,r,y,.,W,h,e,n, ,J,o,n, ,R,o,n,s,o,n, ,i,s, ,d,r,a,w,n, ,i,n,t,o, ,a,n, ,e,l,a,b,o,r,a,t,e, ,h,o,a,x, ,p,l,a,y,e,d, ,o,n, ,T,h,e,y, ,s,a,y, ,o,n,e, ,o,u,t, ,o,f, ,e,v,e,r,y, ,h,u,n,d,r,e,d, ,p,e,o,p,l,e, ,i,s, ,a, ,p,s,y,c,h,o,p,a,t,h,., ,Y,o,u, ,p,r,o,b,a,b,l,y, ,p,a,s,s,e,d, ,o,n,e, ,o,n, ,t,h,e, ,s,t,r,e,e,t, ,t,o,d,a,y,., ,T,h,e,s,e, ,a,r,e, ,p,e,o,p,l,e, ,w,h,o, ,h,a,v,e, ,n,o, ,e,m,p,a,t,h,y,",", ,w,h,o, ,a,r,e, ,m,a,n,i,p,u,l,a,t,i,v,e,",", ,d,e,c,e,i,t,f,u,l,",", ,c,h,a,r,m,i,n,g,",", ,s,e,d,u,c,t,i,v,e,",", ,a,n,d, ,d,e,l,u,s,i,o,n,a,l,., ,T,h,e, ,P,s,y,c,h,o,p,a,t,h, ,T,e,s,t, ,i,s, ,t,h,e, ,N,e,w, ,Y,o,r,k, ,T,i,m,e,s, ,b,e,s,t,s,e,l,l,i,n,g, ,e,x,p,l,o,r,a,t,i,o,n, ,o,f, ,t,h,e,i,r, ,w,o,r,l,d, ,a,n,d, ,t,h,e, ,m,a,d,n,e,s,s, ,i,n,d,u,s,t,r,y,.,W,h,e,n, ,J,o,n, ,R,o,n,s,o,n, ,i,s, ,d,r,a,w,n, ,i,n,t,o, ,a,n, ,e,l,a,b,o,r,a,t,e, ,h,o,a,x, ,p,l,a,y,e,d, ,o,n, ,s,o,m,e, ,o,f, ,t,h,e, ,w,o,r,l,d,â,,,s, ,t,o,p, ,s,c,i,e,n,t,i,s,t,s,",", ,h,i,s, ,i,n,v,e,s,t,i,g,a,t,i,o,n, ,l,e,a,d,s, ,h,i,m,",", ,u,n,e,x,p,e,c,t,e,d,l,y,",", ,t,o, ,p,s,y,c,h,o,p,a,t,h,s,., ,H,e, ,m,e,e,t,s, ,a,n, ,i,n,f,l,u,e,n,t,i,a,l, ,p,s,y,c,h,o,l,o,g,i,s,t, ,w,h,o, ,i,s, ,c,o,n,v,i,n,c,e,d, ,t,h,a,t, ,m,a,n,y, ,i,m,p,o,r,t,a,n,t, ,b,u,s,i,n,e,s,s, ,l,e,a,d,e,r,s, ,a,n,d, ,p,o,l,i,t,i,c,i,a,n,s, ,a,r,e, ,i,n, ,f,a,c,t, ,h,i,g,h,-,f,l,y,i,n,g,",", ,h,i,g,h,-,f,u,n,c,t,i,o,n,i,n,g, ,p,s,y,c,h,o,p,a,t,h,s,",", ,a,n,d, ,t,e,a,c,h,e,s, ,R,o,n,s,o,n, ,h,o,w, ,t,o, ,s,p,o,t, ,t,h,e,m,., ,A,r,m,e,d, ,w,i,t,h, ,t,h,e,s,e, ,n,e,w, ,a,b,i,l,i,t,i,e,s,",", ,R,o,n,s,o,n, ,m,e,e,t,s, ,a, ,p,a,t,i,e,n,t, ,i,n,s,i,d,e, ,a,n, ,a,s,y,l,u,m, ,f,o,r, ,t,h,e, ,c,r,i,m,i,n,a,l,l,y, ,i,n,s,a,n,e, ,w,h,o, ,i,n,s,i,s,t,s, ,t,h,a,t, ,h,e,â,,,s, ,s,a,n,e,",", ,a, ,m,e,r,e, ,r,u,n,-,o,f,-,t,h,e,-,m,i,l,l, ,t,r,o,u,b,l,e,d, ,y,o,u,t,h,",", ,n,o,t, ,a, ,p,s,y,c,h,o,p,a,t,h,â,,,a, ,c,l,a,i,m, ,t,h,a,t, ,m,i,g,h,t, ,b,e, ,o,n,l,y, ,m,a,n,i,p,u,l,a,t,i,o,n,",", ,a,n,d, ,a, ,s,i,g,n, ,o,f, ,h,i,s, ,p,s,y,c,h,o,p,a,t,h,y,., ,H,e, ,s,p,e,n,d,s, ,t,i,m,e, ,w,i,t,h, ,a, ,d,e,a,t,h,-,s,q,u,a,d, ,l,e,a,d,e,r, ,i,n,s,t,i,t,u,t,i,o,n,a,l,i,z,e,d, ,f,o,r, ,m,o,r,t,g,a,g,e, ,f,r,a,u,d,",", ,a,n,d, ,w,i,t,h, ,a, ,l,e,g,e,n,d,a,r,y, ,C,E,O, ,w,h,o, ,t,o,o,k, ,j,o,y, ,i,n, ,s,h,u,t,t,i,n,g, ,d,o,w,n, ,f,a,c,t,o,r,i,e,s, ,a,n,d, ,f,i,r,i,n,g, ,p,e,o,p,l,e,., ,H,e, ,d,e,l,v,e,s, ,i,n,t,o, ,t,h,e, ,f,a,s,c,i,n,a,t,i,n,g, ,h,i,s,t,o,r,y, ,o,f, ,p,s,y,c,h,o,p,a,t,h,y, ,d,i,a,g,n,o,s,i,s, ,a,n,d, ,t,r,e,a,t,m,e,n,t,s,",", ,f,r,o,m, ,L,S,D,-,f,u,e,l,e,d, ,d,a,y,s,-,l,o,n,g, ,n,a,k,e,d, ,t,h,e,r,a,p,y, ,s,e,s,s,i,o,n,s, ,i,n, ,p,r,i,s,o,n,s, ,t,o, ,a,t,t,e,m,p,t,s, ,t,o, ,u,n,d,e,r,s,t,a,n,d, ,s,e,r,i,a,l, ,k,i,l,l,e,r,s,.,A,l,o,n,g, ,t,h,e, ,w,a,y,",", ,R,o,n,s,o,n, ,d,i,s,c,o,v,e,r,s, ,t,h,a,t, ,r,e,l,a,t,i,v,e,l,y, ,o,r,d,i,n,a,r,y, ,p,e,o,p,l,e, ,a,r,e,",", ,m,o,r,e, ,a,n,d, ,m,o,r,e,",", ,d,e,f,i,n,e,d, ,b,y, ,t,h,e,i,r, ,m,o,s,t, ,i,n,s,a,n,e, ,e,d,g,e,s,., ,T,h,e, ,P,s,y,c,h,o,p,a,t,h, ,T,e,s,t, ,i,s, ,a, ,f,a,s,c,i,n,a,t,i,n,g, ,a,d,v,e,n,t,u,r,e, ,t,h,r,o,u,g,h, ,t,h,e, ,m,i,n,d,s, ,o,f, ,m,a,d,n,e,s,s,., ,.,.,.,m,o,r,e,",",D,e,f,a,u,l,t,",",T,w,o,",",.,.,/,.,.,/,m,e,d,i,a,/,c,a,c,h,e,/,d,d,/,6,3,/,d,d,6,3,7,b,4,e,7,c,b,4,0,3,9,3,2,e,6,a,2,9,3,9,7,d,8,7,7,e,4,e,.,j,p,g,",","
"
h,t,t,p,:,/,/,b,o,o,k,s,.,t,o,s,c,r,a,p,e,.,c,o,m,/,c,a,t,a,l,o,g,u,e,/,c,a,t,e,g,o,r,y,/,b,o,o,k,s,/,d,e,f,a,u,l,t,_,1,5,/,i,n,d,e,x,.,h,t,m,l,/,.,.,/,.,.,/,.,.,/,.,.,/,t,h,e,-,k,i,t,e,-,r,u,n,n,e,r,_,8,4,7,/,i,n,d,e,x,.,h,t,m,l,",",e,a,c,1,a,1,8,0,0,4,7,a,d,5,4,e,",",T,h,e, ,K,i,t,e, ,R,u,n,n,e,r,",",Â,£,4,1,.,8,2,",",Â,£,4,1,.,8,2,",",I,n, ,s,t,o,c,k, ,(,1,5, ,a,v,a,i,l,a,b,l,e,),",",K,h,a,l,e,d, ,H,o,s,s,e,i,n,i,',s, ,#,1, ,N,e,w, ,Y,o,r,k, ,T,i,m,e,s, ,B,e,s,t,s,e,l,l,i,n,g, ,D,e,b,u,t, ,â,,,I,t, ,m,a,y, ,b,e, ,u,n,f,a,i,r,",", ,b,u,t, ,w,h,a,t, ,h,a,p,p,e,n,s, ,i,n, ,a, ,f,e,w, ,d,a,y,s,",", ,s,o,m,e,t,i,m,e,s, ,e,v,e,n, ,a, ,s,i,n,g,l,e, ,d,a,y,",", ,c,a,n, ,c,h,a,n,g,e, ,t,h,e, ,c,o,u,r,s,e, ,o,f, ,a, ,w,h,o,l,e, ,l,i,f,e,t,i,m,e,.,"""", ,A,m,i,r, ,i,s, ,t,h,e, ,s,o,n, ,o,f, ,a, ,w,e,a,l,t,h,y, ,K,a,b,u,l, ,m,e,r,c,h,a,n,t,",", ,a, ,m,e,m,b,e,r, ,o,f, ,t,h,e, ,r,u,l,i,n,g, ,c,a,s,t,e, ,o,f, ,P,a,s,h,t,u,n,s,., ,H,a,s,s,a,n,",", ,h,i,s, ,s,e,r,v,a,n,t, ,a,n,d, ,c,o,n,s,t,a,n,t, ,c,o,m,p,a,n,i,o,n,",", ,i,s, ,a, ,H,a,z,a,r,a,",", ,a, ,d,e,s,p,i,s,e,d, ,a,n,d, ,i,m,p,o,v,e,r,i,s,h,e,d, ,c,a,s,t,e,., ,T,h,e,i,r, ,u,n,c,o,m,m,o,n, ,b,o,n, ,K,h,a,l,e,d, ,H,o,s,s,e,i,n,i,',s, ,#,1, ,N,e,w, ,Y,o,r,k, ,T,i,m,e,s, ,B,e,s,t,s,e,l,l,i,n,g, ,D,e,b,u,t, ,â,,,I,t, ,m,a,y, ,b,e, ,u,n,f,a,i,r,",", ,b,u,t, ,w,h,a,t, ,h,a,p,p,e,n,s, ,i,n, ,a, ,f,e,w, ,d,a,y,s,",", ,s,o,m,e,t,i,m,e,s, ,e,v,e,n, ,a, ,s,i,n,g,l,e, ,d,a,y,",", ,c,a,n, ,c,h,a,n,g,e, ,t,h,e, ,c,o,u,r,s,e, ,o,f, ,a, ,w,h,o,l,e, ,l,i,f,e,t,i,m,e,.,"""", ,A,m,i,r, ,i,s, ,t,h,e, ,s,o,n, ,o,f, ,a, ,w,e,a,l,t,h,y, ,K,a,b,u,l, ,m,e,r,c,h,a,n,t,",", ,a, ,m,e,m,b,e,r, ,o,f, ,t,h,e, ,r,u,l,i,n,g, ,c,a,s,t,e, ,o,f, ,P,a,s,h,t,u,n,s,., ,H,a,s,s,a,n,",", ,h,i,s, ,s,e,r,v,a,n,t, ,a,n,d, ,c,o,n,s,t,a,n,t, ,c,o,m,p,a,n,i,o,n,",", ,i,s, ,a, ,H,a,z,a,r,a,",", ,a, ,d,e,s,p,i,s,e,d, ,a,n,d, ,i,m,p,o,v,e,r,i,s,h,e,d, ,c,a,s,t,e,., ,T,h,e,i,r, ,u,n,c,o,m,m,o,n, ,b,o,n,d, ,i,s, ,t,o,r,n, ,b,y, ,A,m,i,r,',s, ,c,h,o,i,c,e, ,t,o, ,a,b,a,n,d,o,n, ,h,i,s, ,f,r,i,e,n,d, ,a,m,i,d,s,t, ,t,h,e, ,i,n,c,r,e,a,s,i,n,g, ,e,t,h,n,i,c,",", ,r,e,l,i,g,i,o,u,s,",", ,a,n,d, ,p,o,l,i,t,i,c,a,l, ,t,e,n,s,i,o,n,s, ,o,f, ,t,h,e, ,d,y,i,n,g, ,y,e,a,r,s, ,o,f, ,t,h,e, ,A,f,g,h,a,n, ,m,o,n,a,r,c,h,y,",", ,w,r,e,n,c,h,i,n,g, ,t,h,e,m, ,f,a,r, ,a,p,a,r,t,., ,B,u,t, ,s,o, ,s,t,r,o,n,g, ,i,s, ,t,h,e, ,b,o,n,d, ,b,e,t,w,e,e,n, ,t,h,e, ,t,w,o, ,b,o,y,s, ,t,h,a,t, ,A,m,i,r, ,j,o,u,r,n,e,y,s, ,b,a,c,k, ,t,o, ,a, ,d,i,s,t,a,n,t, ,w,o,r,l,d,",", ,t,o, ,t,r,y, ,t,o, ,r,i,g,h,t, ,p,a,s,t, ,w,r,o,n,g,s, ,a,g,a,i,n,s,t, ,t,h,e, ,o,n,l,y, ,t,r,u,e, ,f,r,i,e,n,d, ,h,e, ,e,v,e,r, ,h,a,d,.,T,h,e, ,u,n,f,o,r,g,e,t,t,a,b,l,e,",", ,h,e,a,r,t,b,r,e,a,k,i,n,g, ,s,t,o,r,y, ,o,f, ,t,h,e, ,u,n,l,i,k,e,l,y, ,f,r,i,e,n,d,s,h,i,p, ,b,e,t,w,e,e,n, ,a, ,w,e,a,l,t,h,y, ,b,o,y, ,a,n,d, ,t,h,e, ,s,o,n, ,o,f, ,h,i,s, ,f,a,t,h,e,r,â,,,s, ,s,e,r,v,a,n,t,",", ,T,h,e, ,K,i,t,e, ,R,u,n,n,e,r, ,i,s, ,a, ,b,e,a,u,t,i,f,u,l,l,y, ,c,r,a,f,t,e,d, ,n,o,v,e,l, ,s,e,t, ,i,n, ,a, ,c,o,u,n,t,r,y, ,t,h,a,t, ,i,s, ,i,n, ,t,h,e, ,p,r,o,c,e,s,s, ,o,f, ,b,e,i,n,g, ,d,e,s,t,r,o,y,e,d,., ,I,t, ,i,s, ,a,b,o,u,t, ,t,h,e, ,p,o,w,e,r, ,o,f, ,r,e,a,d,i,n,g,",", ,t,h,e, ,p,r,i,c,e, ,o,f, ,b,e,t,r,a,y,a,l,",", ,a,n,d, ,t,h,e, ,p,o,s,s,i,b,i,l,i,t,y, ,o,f, ,r,e,d,e,m,p,t,i,o,n,;, ,a,n,d, ,a,n, ,e,x,p,l,o,r,a,t,i,o,n, ,o,f, ,t,h,e, ,p,o,w,e,r, ,o,f, ,f,a,t,h,e,r,s, ,o,v,e,r, ,s,o,n,s,â,,,t,h,e,i,r, ,l,o,v,e,",", ,t,h,e,i,r, ,s,a,c,r,i,f,i,c,e,s,",", ,t,h,e,i,r, ,l,i,e,s,.,A, ,s,w,e,e,p,i,n,g, ,s,t,o,r,y, ,o,f, ,f,a,m,i,l,y,",", ,l,o,v,e,",", ,a,n,d, ,f,r,i,e,n,d,s,h,i,p, ,t,o,l,d, ,a,g,a,i,n,s,t, ,t,h,e, ,d,e,v,a,s,t,a,t,i,n,g, ,b,a,c,k,d,r,o,p, ,o,f, ,t,h,e, ,h,i,s,t,o,r,y, ,o,f, ,A,f,g,h,a,n,i,s,t,a,n, ,o,v,e,r, ,t,h,e, ,l,a,s,t, ,t,h,i,r,t,y, ,y,e,a,r,s,",", ,T,h,e, ,K,i,t,e, ,R,u,n,n,e,r, ,i,s, ,a,n, ,u,n,u,s,u,a,l, ,a,n,d, ,p,o,w,e,r,f,u,l, ,n,o,v,e,l, ,t,h,a,t, ,h,a,s, ,b,e,c,o,m,e, ,a, ,b,e,l,o,v,e,d,",", ,o,n,e,-,o,f,-,a,-,k,i,n,d, ,c,l,a,s,s,i,c,., ,.,.,.,m,o,r,e,",",D,e,f,a,u,l,t,",",F,o,u,r,",",.,.,/,.,.,/,m,e,d,i,a,/,c,a,c,h,e,/,6,5,/,1,e,/,6,5,1,e,9,5,6,a,0,4,1,b,f,4,b,9,1,b,f,b,a,1,3,7,4,f,0,f,9,1,e,7,.,j,p,g,",","
"
h,t,t,p,:,/,/,b,o,o,k,s,.,t,o,s,c,r,a,p,e,.,c,o,m,/,c,a,t,a,l,o,g,u,e,/,c,a,t,e,g,o,r,y,/,b,o,o,k,s,/,d,e,f,a,u,l,t,_,1,5,/,i,n,d,e,x,.,h,t,m,l,/,.,.,/,.,.,/,.,.,/,.,.,/,t,h,e,-,g,i,r,l,-,o,n,-,t,h,e,-,t,r,a,i,n,_,8,4,4,/,i,n,d,e,x,.,h,t,m,l,",",e,9,5,6,d,6,7,c,9,b,c,c,5,8,0,9,",",T,h,e, ,G,i,r,l, ,o,n, ,t,h,e, ,T,r,a,i,n,",",Â,£,5,5,.,0,2,",",Â,£,5,5,.,0,2,",",I,n, ,s,t,o,c,k, ,(,1,5, ,a,v,a,i,l,a,b,l,e,),",",T,h,e, ,d,e,b,u,t, ,p,s,y,c,h,o,l,o,g,i,c,a,l, ,t,h,r,i,l,l,e,r, ,t,h,a,t, ,w,i,l,l, ,f,o,r,e,v,e,r, ,c,h,a,n,g,e, ,t,h,e, ,w,a,y, ,y,o,u, ,l,o,o,k, ,a,t, ,o,t,h,e,r, ,p,e,o,p,l,e,',s, ,l,i,v,e,s,.,E,V,E,R,Y, ,D,A,Y, ,T,H,E, ,S,A,M,E,R,a,c,h,e,l, ,t,a,k,e,s, ,t,h,e, ,s,a,m,e, ,c,o,m,m,u,t,e,r, ,t,r,a,i,n, ,e,v,e,r,y, ,m,o,r,n,i,n,g, ,a,n,d, ,n,i,g,h,t,., ,E,v,e,r,y, ,d,a,y, ,s,h,e, ,r,a,t,t,l,e,s, ,d,o,w,n, ,t,h,e, ,t,r,a,c,k,",", ,f,l,a,s,h,e,s, ,p,a,s,t, ,a, ,s,t,r,e,t,c,h, ,o,f, ,c,o,z,y, ,s,u,b,u,r,b,a,n, ,h,o,m,e,s,",", ,a,n,d, ,s,t,o,p,s, ,a,t, ,t,h,e, ,s,i,g,n,a,l, ,t,h,a,t, ,a,l,l,o,w,s, ,h,e,r, ,t,o, ,d,a,i,l,y, ,w,a,t,c,h, ,t,h,e, ,s,a,m,e, ,c,o,u,p,l,e, ,b,r,e,a,k,f,a,s,t,i,n,g, ,o,n, ,t,h,e,i,r, ,d,e,c,k,., ,S,h,e,â,,,s, ,e,v,e,n, ,s, ,T,h,e, ,d,e,b,u,t, ,p,s,y,c,h,o,l,o,g,i,c,a,l, ,t,h,r,i,l,l,e,r, ,t,h,a,t, ,w,i,l,l, ,f,o,r,e,v,e,r, ,c,h,a,n,g,e, ,t,h,e, ,w,a,y, ,y,o,u, ,l,o,o,k, ,a,t, ,o,t,h,e,r, ,p,e,o,p,l,e,',s, ,l,i,v,e,s,.,E,V,E,R,Y, ,D,A,Y, ,T,H,E, ,S,A,M,E,R,a,c,h,e,l, ,t,a,k,e,s, ,t,h,e, ,s,a,m,e, ,c,o,m,m,u,t,e,r, ,t,r,a,i,n, ,e,v,e,r,y, ,m,o,r,n,i,n,g, ,a,n,d, ,n,i,g,h,t,., ,E,v,e,r,y, ,d,a,y, ,s,h,e, ,r,a,t,t,l,e,s, ,d,o,w,n, ,t,h,e, ,t,r,a,c,k,",", ,f,l,a,s,h,e,s, ,p,a,s,t, ,a, ,s,t,r,e,t,c,h, ,o,f, ,c,o,z,y, ,s,u,b,u,r,b,a,n, ,h,o,m,e,s,",", ,a,n,d, ,s,t,o,p,s, ,a,t, ,t,h,e, ,s,i,g,n,a,l, ,t,h,a,t, ,a,l,l,o,w,s, ,h,e,r, ,t,o, ,d,a,i,l,y, ,w,a,t,c,h, ,t,h,e, ,s,a,m,e, ,c,o,u,p,l,e, ,b,r,e,a,k,f,a,s,t,i,n,g, ,o,n, ,t,h,e,i,r, ,d,e,c,k,., ,S,h,e,â,,,s, ,e,v,e,n, ,s,t,a,r,t,e,d, ,t,o, ,f,e,e,l, ,l,i,k,e, ,s,h,e, ,k,n,o,w,s, ,t,h,e,m,., ,J,e,s,s, ,a,n,d, ,J,a,s,o,n,",", ,s,h,e, ,c,a,l,l,s, ,t,h,e,m,., ,T,h,e,i,r, ,l,i,f,e,â,,,a,s, ,s,h,e, ,s,e,e,s, ,i,t,â,,,i,s, ,p,e,r,f,e,c,t,., ,N,o,t, ,u,n,l,i,k,e, ,t,h,e, ,l,i,f,e, ,s,h,e, ,r,e,c,e,n,t,l,y, ,l,o,s,t,.,U,N,T,I,L, ,T,O,D,A,Y,A,n,d, ,t,h,e,n, ,s,h,e, ,s,e,e,s, ,s,o,m,e,t,h,i,n,g, ,s,h,o,c,k,i,n,g,., ,I,t,â,,,s, ,o,n,l,y, ,a, ,m,i,n,u,t,e, ,u,n,t,i,l, ,t,h,e, ,t,r,a,i,n, ,m,o,v,e,s, ,o,n,",", ,b,u,t, ,i,t,â,,,s, ,e,n,o,u,g,h,., ,N,o,w, ,e,v,e,r,y,t,h,i,n,g,â,,,s, ,c,h,a,n,g,e,d,., ,U,n,a,b,l,e, ,t,o, ,k,e,e,p, ,i,t, ,t,o, ,h,e,r,s,e,l,f,",", ,R,a,c,h,e,l, ,g,o,e,s, ,t,o, ,t,h,e, ,p,o,l,i,c,e,., ,B,u,t, ,i,s, ,s,h,e, ,r,e,a,l,l,y, ,a,s, ,u,n,r,e,l,i,a,b,l,e, ,a,s, ,t,h,e,y, ,s,a,y,?, ,S,o,o,n, ,s,h,e, ,i,s, ,d,e,e,p,l,y, ,e,n,t,a,n,g,l,e,d, ,n,o,t, ,o,n,l,y, ,i,n, ,t,h,e, ,i,n,v,e,s,t,i,g,a,t,i,o,n, ,b,u,t, ,i,n, ,t,h,e, ,l,i,v,e,s, ,o,f, ,e,v,e,r,y,o,n,e, ,i,n,v,o,l,v,e,d,., ,H,a,s, ,s,h,e, ,d,o,n,e, ,m,o,r,e, ,h,a,r,m, ,t,h,a,n, ,g,o,o,d,?, ,.,.,.,m,o,r,e,",",D,e,f,a,u,l,t,",",T,w,o,",",.,.,/,.,.,/,m,e,d,i,a,/,c,a,c,h,e,/,1,9,/,e,d,/,1,9,e,d,2,1,5,6,3,9,1,e,e,b,b,c,d,7,5,7,a,0,d,9,f,6,d,5,8,6,0,c,.,j,p,g,",","
"
h,t,t,p,:,/,/,b,o,o,k,s,.,t,o,s,c,r,a,p,e,.,c,o,m,/,c,a,t,a,l,o,g,u,e,/,c,a,t,e,g,o,r,y,/,b,o,o,k,s,/,d,e,f,a,u,l,t,_,1,5,/,i,n,d,e,x,.,h,t,m,l,/,.,.,/,.,.,/,.,.,/,.,.,/,t,h,e,-,e,m,e,r,a,l,d,-,m,y,s,t,e,r,y,_,8,4,2,/,i,n,d,e,x,.,h,t,m,l,",",d,6,6,7,0,d,f,e,3,e,7,b,4,2,b,d,",",T,h,e, ,E,m,e,r,a,l,d, ,M,y,s,t,e,r,y,",",Â,£,2,3,.,1,5,",",Â,£,2,3,.,1,5,",",I,n, ,s,t,o,c,k, ,(,1,5, ,a,v,a,i,l,a,b,l,e,),",",T,h,r,e,e, ,y,o,u,n,g, ,a,d,u,l,t,s, ,a,r,e, ,i,n,v,i,t,e,d, ,t,o, ,s,p,e,n,d, ,a, ,w,e,e,k,e,n,d, ,a,t, ,t,h,e, ,e,x,o,t,i,c, ,T,i,m,b,e,r, ,I,s,l,a,n,d,., ,M,a,r,i,a, ,i,s, ,a, ,p,r,o,f,e,s,s,i,o,n,a,l, ,i,n, ,t,h,e, ,s,p,o,r,t, ,o,f, ,b,o,d,y,b,o,a,r,d,i,n,g,., ,T,i,n,a, ,i,s, ,a,n, ,a,p,p,r,e,n,t,i,c,e, ,o,f, ,t,h,e, ,s,p,o,r,t, ,b,u,t, ,v,e,r,y, ,a,t,h,l,e,t,i,c,",", ,a,n,d, ,s,h,e, ,p,o,s,s,e,s,s,e,s, ,o,t,h,e,r, ,s,k,i,l,l,s,., ,A,n,d, ,l,a,s,t,l,y, ,t,h,e,r,e, ,i,s, ,A,x,e,l,l,",", ,a, ,t,r,a,v,e,l,e,r, ,a,n,d, ,a, ,v,e,t,e,r,a,n, ,b,o,d,y,b,o,a,r,d,e,r,., ,F,o,r, ,t,h,e,m,",", ,t,h,i,s, ,i,n,v,i,t,a,t,i,o,n, ,i,s, ,e,x,t,r,e,m,e,l,y, ,a,t,t,r,a,c,t,i,v,e, ,b,e,c,a,u,s,e, ,v,e,r,y, ,f,e,w, ,p,e,o,p,l,e, ,h,a,v,e, ,v,i,s,i,t,e,d, ,t,h,e, ,T,h,r,e,e, ,y,o,u,n,g, ,a,d,u,l,t,s, ,a,r,e, ,i,n,v,i,t,e,d, ,t,o, ,s,p,e,n,d, ,a, ,w,e,e,k,e,n,d, ,a,t, ,t,h,e, ,e,x,o,t,i,c, ,T,i,m,b,e,r, ,I,s,l,a,n,d,., ,M,a,r,i,a, ,i,s, ,a, ,p,r,o,f,e,s,s,i,o,n,a,l, ,i,n, ,t,h,e, ,s,p,o,r,t, ,o,f, ,b,o,d,y,b,o,a,r,d,i,n,g,., ,T,i,n,a, ,i,s, ,a,n, ,a,p,p,r,e,n,t,i,c,e, ,o,f, ,t,h,e, ,s,p,o,r,t, ,b,u,t, ,v,e,r,y, ,a,t,h,l,e,t,i,c,",", ,a,n,d, ,s,h,e, ,p,o,s,s,e,s,s,e,s, ,o,t,h,e,r, ,s,k,i,l,l,s,., ,A,n,d, ,l,a,s,t,l,y, ,t,h,e,r,e, ,i,s, ,A,x,e,l,l,",", ,a, ,t,r,a,v,e,l,e,r, ,a,n,d, ,a, ,v,e,t,e,r,a,n, ,b,o,d,y,b,o,a,r,d,e,r,., ,F,o,r, ,t,h,e,m,",", ,t,h,i,s, ,i,n,v,i,t,a,t,i,o,n, ,i,s, ,e,x,t,r,e,m,e,l,y, ,a,t,t,r,a,c,t,i,v,e, ,b,e,c,a,u,s,e, ,v,e,r,y, ,f,e,w, ,p,e,o,p,l,e, ,h,a,v,e, ,v,i,s,i,t,e,d, ,t,h,e, ,p,l,a,c,e,",", ,a,l,s,o, ,k,n,o,w,n, ,f,o,r, ,i,t,s, ,s,e,c,r,e,t, ,s,u,r,f, ,b,r,e,a,k,s,., ,T,h,e, ,a,d,v,e,n,t,u,r,e, ,s,o,u,n,d,s, ,i,r,r,e,s,i,s,t,i,b,l,e,",", ,s,o, ,t,h,e,y, ,a,c,c,e,p,t, ,t,h,e, ,c,h,a,l,l,e,n,g,e,.,O,n,c,e, ,a,l,l, ,t,h,e, ,g,u,e,s,t,s, ,a,r,e, ,o,n, ,t,h,e, ,i,s,l,a,n,d,",", ,t,h,e,r,e, ,i,s, ,o,n,l,y, ,o,n,e, ,t,h,i,n,g, ,t,h,a,t, ,w,o,r,r,i,e,s, ,L,u,i,s,",", ,t,h,e,i,r, ,h,o,s,t, ,a,n,d, ,f,e,l,l,o,w, ,b,o,d,y,b,o,a,r,d,e,r,:, ,t,o, ,v,e,n,t,u,r,e, ,o,u,t, ,t,o, ,f,i,n,d, ,a, ,s,t,r,e,t,c,h, ,o,f, ,s,e,c,r,e,t, ,c,o,a,s,t,l,i,n,e, ,w,h,e,r,e, ,t,h,e, ,y,o,u,n,g, ,m,a,n, ,s,a,y,s, ,t,h,e,y, ,w,i,l,l, ,f,a,c,e, ,m,a,j,e,s,t,i,c, ,w,a,v,e, ,n,o, ,o,n,e, ,h,a,s, ,e,v,e,r, ,r,i,d,d,e,n,.,B,y, ,t,h,i,s, ,t,i,m,e, ,a,l,l, ,o,f, ,t,h,e, ,g,u,e,s,t,s, ,h,a,v,e, ,e,n,c,o,u,n,t,e,r,e,d, ,s,o,m,e, ,v,e,r,y, ,s,t,r,a,n,g,e, ,t,h,i,n,g,s, ,.,.,., ,a,n,d, ,s,o,m,e, ,q,u,e,s,t,i,o,n, ,w,h,e,t,h,e,r, ,t,h,e,y, ,a,r,e, ,b,e,i,n,g, ,w,a,t,c,h,e,d, ,b,y, ,s,o,m,e,o,n,e,., ,B,u,t, ,w,h,o, ,m,a,y, ,w,a,n,t, ,t,o, ,f,o,l,l,o,w, ,t,h,e,m, ,t,o, ,a,n, ,i,s,l,a,n,d, ,i,n,h,a,b,i,t,e,d, ,b,y, ,o,n,l,y, ,t,w,o, ,p,e,o,p,l,e,",", ,a,n,d, ,f,o,r, ,w,h,a,t, ,r,e,a,s,o,n,?, ,A,r,e, ,t,h,e,s,e, ,y,o,u,n,g, ,r,i,d,e,r,s, ,p,r,e,p,a,r,e,d, ,t,o, ,s,o,l,v,e, ,t,h,i,s, ,m,y,s,t,e,r,y, ,a,n,d, ,a,c,c,e,p,t, ,w,h,a,t, ,t,h,e,y, ,d,i,s,c,o,v,e,r, ,a,s, ,t,h,e,y, ,i,n,v,e,s,t,i,g,a,t,e,?, ,L,u,c,k,i,l,y,",", ,y,o,u,',l,l, ,a,l,s,o, ,b,e, ,t,h,e,r,e, ,t,o, ,a,c,c,o,m,p,a,n,y, ,t,h,e,m, ,o,n, ,t,h,e,i,r, ,j,o,u,r,n,e,y, ,a,n,d, ,r,e,a,c,h, ,y,o,u,r, ,o,w,n, ,c,o,n,c,l,u,s,i,o,n,s, ,i,n, ,t,h,i,s, ,e,x,c,i,t,i,n,g, ,a,d,v,e,n,t,u,r,e,., ,.,.,.,m,o,r,e,",",D,e,f,a,u,l,t,",",T,w,o,",",.,.,/,.,.,/,m,e,d,i,a,/,c,a,c,h,e,/,b,c,/,1,f,/,b,c,1,f,7,9,a,f,8,7,0,3,2,7,4,8,b,7,5,d,1,2,0,7,9,f,5,1,c,0,3,1,.,j,p,g,",","
"
h,t,t,p,:,/,/,b,o,o,k,s,.,t,o,s,c,r,a,p,e,.,c,o,m,/,c,a,t,a,l,o,g,u,e,/,c,a,t,e,g,o,r,y,/,b,o,o,k,s,/,d,e,f,a,u,l,t,_,1,5,/,i,n,d,e,x,.,h,t,m,l,/,.,.,/,.,.,/,.,.,/,.,.,/,t,h,e,-,b,r,i,d,g,e,-,t,o,-,c,o,n,s,c,i,o,u,s,n,e,s,s,-,i,m,-,w,r,i,t,i,n,g,-,t,h,e,-,b,r,i,d,g,e,-,b,e,t,w,e,e,n,-,s,c,i,e,n,c,e,-,a,n,d,-,o,u,r,-,o,l,d,-,a,n,d,-,n,e,w,-,b,e,l,i,e,f,s,_,8,4,0,/,i,n,d,e,x,.,h,t,m,l,",",e,f,c,3,7,6,8,1,2,7,7,1,4,e,c,3,",",T,h,e, ,B,r,i,d,g,e, ,t,o, ,C,o,n,s,c,i,o,u,s,n,e,s,s,:, ,I,',m, ,W,r,i,t,i,n,g, ,t,h,e, ,B,r,i,d,g,e, ,B,e,t,w,e,e,n, ,S,c,i,e,n,c,e, ,a,n,d, ,O,u,r, ,O,l,d, ,a,n,d, ,N,e,w, ,B,e,l,i,e,f,s,.,",",Â,£,3,2,.,0,0,",",Â,£,3,2,.,0,0,",",I,n, ,s,t,o,c,k, ,(,1,5, ,a,v,a,i,l,a,b,l,e,),",","
","
","
","
","
","
",",",D,e,f,a,u,l,t,",",T,h,r,e,e,",",.,.,/,.,.,/,m,e,d,i,a,/,c,a,c,h,e,/,3,9,/,c,7,/,3,9,c,7,b,e,b,c,d,e,5,d,9,6,4,3,e,d,e,7,1,a,c,8,e,e,8,7,e,e,6,9,.,j,p,g,",","
"
